user_id,username,hosted,guested,total
33599,Andrea,393,173,566
4754771,Akitoshi,39,506,545
4452992,Sotarks,395,145,540
1125647,Sakurai Miyo,65,461,526
896613,Lasse,253,236,489
5404892,kowari,49,431,480
700010,Laurier,45,377,422
19322780,Take,8,380,388
3376777,Kalibe,69,294,363
3723568,Kujinn,41,310,351
700887,Chino,111,215,326
2013571,Gegero,94,226,320
21662192,Amats,17,302,319
12157130,Wanpachi,81,224,305
2849992,Garden,112,176,288
1249323,Hinsvar,163,124,287
3388410,Annabel,160,121,281
7326908,Amateurre,121,159,280
6055351,gazimal,166,109,275
8688812,Mir,135,135,270
1467715,Gero,99,158,257
2032824,Momochikun,72,175,247
11119539,Flins,132,108,240
11628790,Harumiii,8,231,239
5364763,Nao Tomori,135,102,237
1634445,Dailycare,39,194,233
3193504,Kibbleru,60,161,221
7451883,Nevo,177,43,220
597957,riffy,73,145,218
1974436,HabiHolic,49,161,210
5579871,Agatsu,49,161,210
3178418,pishifat,89,119,208
5795337,TheShadowOfDark,20,185,205
2848604,toybot,52,152,204
959763,Flask,65,138,203
11270361,AsuKow,31,163,194
1243669,yf_bmp,40,153,193
2054596,324c,48,142,190
3807986,Shurelia,133,56,189
689997,captin1,61,127,188
7777875,Ryuusei Aika,164,24,188
1367570,Rizia,55,130,185
5062396,dahkjdas,33,152,185
26232141,ni[hao]lou,43,142,185
19048,Blue Dragon,101,81,182
869782,alacat,57,123,180
12572294,cjstmdals,19,161,180
24230576,Fuxi66,27,151,178
9487458,Mocaotic,45,132,177
3076909,Mafumafu,95,80,175
2363,DJPop,117,57,174
2652951,Trynna,33,138,171
6174349,Kuki1537,36,135,171
9327302,SMOKELIND,110,60,170
12328,Larto,93,75,168
360437,bossandy,87,81,168
5596337,Daycore,75,91,166
2506267,SnowNiNo_,19,146,165
6149313,Pata-Mon,39,125,164
10077264,nik,30,133,163
4403937,Irohas,41,121,162
4086497,Plus4j,103,58,161
3621552,Chaoslitz,97,63,160
1876867,Fycho,63,96,159
13947939,pnky,51,108,159
2226083,arronchu1207,22,135,157
3143784,Karen,41,115,156
9416836,wafer,114,41,155
1848318,CalstoneLightO,45,109,154
1233255,PandaHero,55,98,153
10839549,FreezingAnimenz,31,122,153
5115995,A r M i N,35,117,152
6186628,Affirmation,26,124,150
1661227,Satellite,48,100,148
8722791,schoolboy,44,104,148
7784933,Pepekcz,29,118,147
266596,-kevincela-,26,120,146
1953876,Natsu,75,71,146
2841009,Mirash,53,93,146
9704802,zekk,67,79,146
1603923,Delis,39,106,145
2204515,Mao,91,54,145
5156153,DeRandom Otaku,60,85,145
10820856,,44,101,145
197805,Niva,52,92,144
1052994,Milan-,74,70,144
5286213,Deppyforce,25,119,144
962837,__Ag,25,118,143
4564285,Ascended,60,83,143
4378277,Log Off Now,90,52,142
3230571,Doormat,48,93,141
7891266,frozz,44,96,140
10507407,Nymphe,28,110,138
6347,ztrot,114,22,136
546991,tutuhaha,85,51,136
1997633,Lliria,105,31,136
16080485,Sanayui,17,119,136
1686145,Len,41,94,135
654883,No_Gu,42,92,134
4334976,Aeril,53,80,133
11771,Sonnyc,63,69,132
873961,Skystar,34,98,132
2683648,Gaia,42,90,132
3222353,Aresonia,73,59,132
2706438,Monstrata,99,32,131
1287964,Irreversible,30,100,130
2433507,Koiyuki,27,103,130
10773882,FuJu,23,107,130
3181083,AJT,101,28,129
5410645,Icekalt,50,79,129
1949710,Misure,15,112,127
3947634,Shiyun,29,98,127
4694602,Down,37,90,127
6300910,Nagi Seishiro,63,64,127
4960893,Djulus,22,104,126
10726630,Smoke,87,39,126
2099102,Little,39,86,125
7901324,Shunao,30,95,125
12693713,killian,42,83,125
8501291,iljaaz,60,64,124
13142180,Aurorance,33,91,124
2688581,Luscent,78,45,123
3772301,Haruto,31,92,123
7262798,LMT,28,95,123
19511007,SupaV,35,88,123
99269,Krisom,74,48,122
13466351,Xahlt,33,89,122
418699,fanzhen0019,25,96,121
14339830,Mimari,49,71,120
11106929,Wispy,56,63,119
22406733,SUISEI69,26,93,119
1623405,Okoayu,64,54,118
4668230,Hazu-,20,98,118
12727076,Heroine,42,76,118
19380721,karupa,65,53,118
2123087,hehe,79,38,117
4026817,Xen,10,106,116
270377,jonathanlfj,65,50,115
27343,ignorethis,22,92,114
1945090,DreaM117er,26,88,114
5099768,Neto,87,27,114
5312547,Lafayla,53,61,114
5504231,Shmiklak,65,49,114
9022451,Bloxi,64,49,113
3161834,Yugu,54,58,112
9063995,-Mikan,79,33,112
275300,wring,10,101,111
1521445,Xinely,33,78,111
1872496,Meg,44,67,111
3109248,lit120,71,40,111
1826598,Narcissu,26,84,110
4323406,VINXIS,61,49,110
918297,Realazy,61,48,109
9426712,browiec,47,62,109
5728,James,86,22,108
8005579,iRedi,20,88,108
14940019,Kanui,35,73,108
2857314,Seto Kousuke,48,59,107
3533958,fieryrage,44,63,107
4314710,Kensuke,8,99,107
6223841,intiaz,29,78,107
9234078,Malphs,27,80,107
13069714,tachibanaka,23,84,107
2649717,Yogurtt,40,65,105
5062061,Left,40,65,105
19603724,Vanya,38,67,105
1715720,Asphyxia,54,50,104
4485933,milr_,19,85,104
6644401,isekaijoucho,57,47,104
25999,Diasios,44,59,103
640611,Kyshiro,29,74,103
1856463,IamKwaN,7,96,103
4879380,921206025887,31,72,103
6175280,Cris-,58,45,103
12763959,ameponzu,28,75,103
15823344,Ryxliee,27,76,103
27767,happy30,51,51,102
4657504,Silent Rock,13,89,102
12190421,Setu,19,83,102
17332378,alevi,40,62,102
3131236,kanor,32,69,101
5139042,Mekki,24,77,101
5318910,sahuang,43,58,101
115291,Vicho,21,79,100
419954,Regou,35,65,100
4230454,Froskya,32,68,100
8953955,Zelq,24,76,100
9155377,hypercyte,52,48,100
10527102,Kumocha,16,84,100
12941686,sanairrt,28,72,100
2202645,Myxo,38,61,99
2407160,Mint,18,81,99
7150015,,64,35,99
7354729,Petal,61,38,99
25993,Alace,19,79,98
8939857,ponbot,26,72,98
9088487,Deca,44,54,98
11655886,Basensorex,22,76,98
5281072,EnuHQ,37,60,97
9562117,Aranel,54,43,97
13857624,Aruyy,14,83,97
16383529,eringiRa,19,78,97
8972308,Scub,48,48,96
9351565,Ducky-,25,71,96
8067876,Seolv,19,76,95
13650508,App,53,42,95
343624,pkhg,17,77,94
1047883,RLC,24,70,94
2716981,Nozhomi,61,33,94
5226970,Nayah,74,20,94
5405836,Crissa,40,54,94
11403815,tomatas95,80,14,94
17695,Mafiamaster,67,26,93
695678,Frey,21,72,93
8406396,Yudragen,43,50,93
9320502,Astronic,23,70,93
4279523,Yorita Yoshino,25,67,92
4298072,iBell,51,41,92
3045895,[Hatsune Miku],25,64,89
7905848,Asuka_-,27,62,89
108066,Cyril Scarlet,56,32,88
2439246,Asagi,12,76,88
8357007,My Angel Ram,15,73,88
835998,cRyo[iceeicee],17,70,87
3124248,Eithne,23,64,87
3558897,Iceluin,31,56,87
14305018,Share,38,49,87
631530,Leader,52,34,86
3044645,,34,52,86
3513559,ac8129464363,27,59,86
5337374,Kyuukai,40,46,86
10286675,Tannhauser,30,56,86
1285234,P A N,34,51,85
9936528,Kudou Chitose,14,71,85
12469536,momoyo,19,66,85
376831,wcx19911123,62,22,84
4746949,Dasvidaniya,26,58,84
4858573,Syph,54,30,84
4966334,DeviousPanda,40,44,84
134572,Kite,37,46,83
9131844,Sanch-KK,43,40,83
16429579,Stompy_,33,50,83
18505692,Ldnz,33,50,83
2800253,fnayR,49,33,82
6626249,LeCandy,27,55,82
12248,kioukiou,60,21,81
13996,Shinxyn,43,38,81
70730,Sure,59,22,81
9590557,Firika,18,63,81
11077540,aaeky,49,32,81
15113810,[Yoshino],4,77,81
3189514,CoLouRed GlaZeE,39,41,80
4037545,Battle,27,53,80
5875419,newton-,24,56,80
15553329,ItsCactus,10,70,80
444506,Saten,12,67,79
1244312,gust,38,41,79
2043401,Enon,25,54,79
9180442,PikAqours,19,60,79
394326,kanpakyin,50,28,78
601990,Nymph,45,33,78
3178411,Kencho,23,55,78
4698485,_kotachi_,36,42,78
11443437,[Karcher],46,32,78
13032817,KennethBBG,49,29,78
13646997,Le Mirai,23,55,78
1475828,walaowey,6,71,77
3789302,Ujimatsu Chiya,31,46,77
4030114,Lobelia,10,67,77
4561368,Anxient,21,56,77
5778687,Gibune,46,31,77
9558549,moonpoint,28,49,77
12895865,Hanakumo Rin,20,57,77
41481,Mashley,55,21,76
3170678,Otosaka-Yu,12,64,76
6443117,,47,29,76
7265097,Mordred,51,25,76
23326,GladiOol,19,56,75
3378391,-Keitaro,27,48,75
5645691,MeAqua tete,50,25,75
12602650,SayuMana,21,54,75
2688103,IOException,24,50,74
5712451,tomadoi,23,51,74
6984103,Kuse,18,56,74
8157492,Hobbes2,34,40,74
12357714,44444444444444,33,41,74
104401,AngelHoney,35,38,73
1596078,lolia,13,60,73
11117670,Roupus,28,45,73
12704035,Fsjallink,21,52,73
157177,Natteke,42,30,72
1446665,Lanturn,25,47,72
1721995,,55,17,72
4086593,Atlust,8,64,72
1077845,Melophobia,22,49,71
5210848,Wen,22,49,71
6029467,gary00737,19,52,71
313072,JauiPlaY,56,14,70
416662,Hollow Wings,42,28,70
10284894,Dored,32,38,70
12405160,Mizujin,20,50,70
13513687,Sajinn,41,29,70
15545596,Inae,26,44,70
244216,Garven,16,53,69
2075222,Umi,31,38,69
2233878,moph,25,44,69
5129592,Maria Iskariot,5,64,69
11387664,NeKroMan4ik,43,26,69
11877992,riot1133,41,28,69
12187937,Parad0xa,13,56,69
13421842,Kyutei,38,31,69
17584310,Nachmark,20,49,69
43108,Sushi,63,5,68
139493,ouranhshc,58,10,68
654108,Aurele,25,43,68
5069490,Silky,7,61,68
5428909,Nowaie,26,42,68
7322726,lcfc,12,56,68
8331132,Rolniczy,29,39,68
10631018,Liyuu,12,56,68
11171976,,38,30,68
464889,MoodyRPG,48,19,67
1404615,Sieg,49,18,67
2490770,hime,33,34,67
2732340,Taeyang,15,52,67
4888952,Sayama Kaede,27,40,67
5419324,Elinor,8,59,67
9048124,-Lian-,19,48,67
180241,ZekeyHache,25,41,66
3624692,Pho,31,35,66
5050004,MiyohashiKoori,20,46,66
6570161,Rosyjski larp,26,40,66
9579526,coco,23,43,66
10734032,lunaful,5,61,66
24269,DeadAlready,40,25,65
53378,ktgster,39,26,65
153323,Muya,18,47,65
1721120,Renumi,22,43,65
3565813,Kyle Y,8,57,65
6933054,ailv,35,30,65
7645522,piroshki,26,39,65
91738,Guy,25,39,64
305389,Reiji-RJ,16,48,64
1033017,Flower,25,39,64
1205412,,31,33,64
4116573,squishyguppy,34,30,64
8402897,,40,24,64
15583987,-Hitomi,29,35,64
102976,eveless,34,29,63
186243,Louis Cyphre,36,27,63
1541323,Noffy,29,34,63
6339790,Kitasan,20,43,63
10566388,aishiteiru-,22,41,63
11498482,sayumujina_,18,45,63
12883611,catgirlflowers,16,47,63
14060327,fllecc,24,39,63
151679,NatsumeRin,50,12,62
199669,Frostmourne,39,23,62
1026491,xChippy,27,35,62
1867171,Kinomi,22,40,62
3626063,Beomsan,28,34,62
7627157,flake,12,50,62
15822813,Pile,11,51,62
88904,jericho2442,35,26,61
2070688,AIR,26,35,61
6571670,SaltyLucario,38,23,61
3288,m980,27,33,60
197974,spboxer3,27,33,60
207340,Pokie,13,47,60
1741295,kunka,48,12,60
3988240,Waltz,3,57,60
4785223,Nathan,29,31,60
14367317,Fufla,29,31,60
22882379,Mita,29,31,60
410,Starrodkirby86,13,46,59
171021,Beren,26,33,59
1343783,pw384,32,27,59
1646397,Crystal,21,38,59
3718151,RVMathew,8,51,59
3914271,maot,9,50,59
8200707,Reioli,35,24,59
9070739,Phynta,15,44,59
10827686,Ditzy Doo,11,48,59
11557554,Cytusine,6,53,59
11864462,Hinae,20,39,59
11913657,defreeyay,23,36,59
12416885,Rita Summers,48,11,59
15959751,Adinda,40,19,59
20699395,arutama,7,52,59
87381,Dotsu,7,51,58
4715762,FCL,17,41,58
6399568,YokesPai,8,50,58
8623835,Peter,26,32,58
10476879,KeyWee,37,21,58
11688893,hakashii,4,54,58
14204590,nemidnight,25,33,58
18634626,O K U,15,43,58
21573458,Uruha Migaki,11,47,58
74937,kiddly,38,19,57
87065,Nakagawa-Kanon,17,40,57
104827,orioncomet,20,37,57
596298,Kawayi Rika,50,7,57
611174,Gamu,23,34,57
1533796,Kawashiro,16,41,57
3361661,Azu,27,30,57
5545437,Glaceon,8,49,57
6701398,,7,50,57
8095457,dkblaze,30,27,57
9439796,Uta,22,35,57
10213311,Coeminals,14,43,57
10447058,dakiwii,30,27,57
12464372,KPMY,6,51,57
1822830,Zero__wind,35,21,56
3687666,Skubi,24,32,56
5075660,Moecho,13,43,56
5312202,bongo,7,49,56
6221637,allein,18,38,56
7904667,xidorn,1,55,56
8984146,Asaba Harumasa,7,49,56
9254241,Alexsander,22,34,56
11057641,Kyuuchie,11,45,56
11681430,Yumerios,18,38,56
23062,Gens,35,20,55
44308,Lesjuh,29,26,55
2046893,Doyak,25,30,55
2433720,Suisei Hosimati,20,35,55
2850983,Pachiru,20,35,55
5377178,Minorsonek,11,44,55
6889573,KKipalt,6,49,55
7003013,Muziyami,11,44,55
7660383,455-38B,18,37,55
14348073,Omekyu,13,42,55
19334055,kolman,26,29,55
3936,Card N'FoRcE,40,14,54
389236,Star Stream,23,31,54
798668,Shad0w1and,44,10,54
1635091,Nemis,22,32,54
2971837,Strategas,43,11,54
4682629,Yahuri,22,32,54
5745865,Altai,22,32,54
10914582,Cubby,14,40,54
12882468,Mizunashi Akari,10,44,54
167050,Kenezz,24,29,53
208440,IceBeam,13,40,53
770590,litoluna,11,42,53
1787171,Super Creek,20,33,53
2495509,TtmnZk,10,43,53
4175698,sytho,20,33,53
4541873,Yukiyo,23,30,53
6381153,ItsWinter,40,13,53
10910405,Kyairie,7,46,53
13277919,Leomine,31,22,53
16004080,Tylerderp,8,45,53
17584396,Lurumic,10,43,53
23354688,The Cosmic Chef,11,42,53
150768,LKs,20,32,52
157879,RandomJibberish,20,32,52
682935,Nyquill,11,41,52
1238716,Fumika,25,27,52
3795679,Sing,11,41,52
4525153,xLolicore-,9,43,52
6642617,Serizawa Haruki,8,44,52
10234313,Evil-,30,22,52
11327918,nytro,17,35,52
11798570,Reiszen,25,27,52
89619,tieff,36,15,51
2789905,Gordon123,22,29,51
7354700,Jiysea,17,34,51
7785535,pregnant woman,11,40,51
8039342,elicz1,33,18,51
8508753,Maaadbot,25,26,51
9823042,Heilia,23,28,51
14261540,mnyui,16,35,51
14730294,vastly,7,44,51
16452371,melleganol,26,25,51
19488,Dangaard,26,24,50
105902,Armin,20,30,50
135630,,32,18,50
353437,DarknessAngel,15,35,50
899031,Lami,19,31,50
1470352,Trust,21,29,50
2667496,Kuro Fuyusaki,13,37,50
2836455,tokiko,26,24,50
3896865,Euny,13,37,50
4600383,Nakano Itsuki,16,34,50
4990127,Elzix,14,36,50
6220419,Nakazawa,20,30,50
11310911,Neosk,2,48,50
113005,Shiro,27,22,49
243917,val0108,28,21,49
4673089,Fixxis,21,28,49
6248691,ellia-,21,28,49
10719127,Chiga,4,45,49
14109405,moesode,17,32,49
22241162,- zw[A 3Q]-K bg,13,36,49
420622,Hinacle,23,25,48
465126,Shiirn,40,8,48
570042,Darksonic,17,31,48
663131,Loneight,18,30,48
1742622,scanter,12,36,48
1943309,Acylica,19,29,48
3056732,Rizen,19,29,48
3165798,Setz,30,18,48
3638962,-Tynamo,13,35,48
5223028,tatemae,21,27,48
7535045,The Cube,14,34,48
10969875,midorijeon,31,17,48
11684622,Sh4rq_,26,22,48
21970,Lizbeth,24,23,47
91699,,47,0,47
231111,Kiiwa,12,35,47
4414426,-Ady,32,15,47
7823498,achyoo,32,15,47
8922155,Flame Haze,12,35,47
10023225,GodHacc,23,24,47
10354460,Lunala,21,26,47
11839745,Tiv,12,35,47
12366071,bsm,25,22,47
19835,Lissette,23,23,46
123790,bearing019,15,31,46
185422,Sallad4ever,17,29,46
1074648,moonlightleaf,39,7,46
2217628,xChorse,8,38,46
4967662,bobbybaseball06,30,16,46
4980738,Riverism,5,41,46
5194391,Camo,34,12,46
6122935,Stack,23,23,46
7149815,Plaudible,18,28,46
9828042,Reywateil,33,13,46
12656971,Mononymous,16,30,46
13875116,bad kitten,16,30,46
16543098,MonsieurSebas,15,31,46
25615,Jarby,20,25,45
480689,Kin,6,39,45
831979,P_O,24,21,45
1816779,z1085684963,14,31,45
2805457,Ciyus Miapah,16,29,45
3906405,Sylas,20,25,45
3919785,iYiyo,25,20,45
4360287,zyoi,10,35,45
6151332,squirrelpascals,21,24,45
6260705,jamesjan3,22,23,45
6398464,byd,12,33,45
6750761,bucky,27,18,45
7452237,Pentori,17,28,45
8819496,mindmaster107,8,37,45
10868788,Noa Himesaka,17,28,45
11220416,Wither,18,27,45
12330007,buddon,22,23,45
19656568,joshywa,31,14,45
19819,EEeee,25,19,44
521568,mancuso_JM_,38,6,44
798743,HelloSCV,23,21,44
1458069,koreapenguin,11,33,44
1473106,N a s y a,4,40,44
1565739,ZZHBOY,17,27,44
2959560,Asaiga,13,31,44
3034880,xxdeathx,15,29,44
5200881,Testo,24,20,44
5248582,Namki,11,33,44
5403374,dasdwqdf,17,27,44
6070370,Lince Cosmico,21,23,44
6693266,Tycani,20,24,44
7835664,Delette,14,30,44
7894340,KnightC0re,16,28,44
8365335,Murada,20,24,44
8828420,MrTerror,9,35,44
9502522,TNTlealu,20,24,44
12551840,0ppInOsu,5,39,44
12710311,Agelatte,15,29,44
14094058,Airiesu,12,32,44
2024,EiJi,43,0,43
9934,kingcobra52,38,5,43
77089,Kurai,33,10,43
188248,Vass_Bass,13,30,43
247937,lkx_Shore,6,37,43
1262490,Lally,21,22,43
1478292,Krfawy,11,32,43
2198472,Avena,23,20,43
4351739,Nikakis,13,30,43
7019221,HikariBuru,0,43,43
8402125,Sani_,22,21,43
10132936,verychill,19,24,43
11954090,an3,12,31,43
12308923,Sieun,23,20,43
18730172,,29,14,43
5243,Rolled,32,10,42
270328,winber1,10,32,42
301279,La Cataline,18,24,42
1280801,KantoKun,10,32,42
1331937,iyasine,3,39,42
2166762,Silverboxer,13,29,42
2261651,Hilane,15,27,42
2308676,Fatfan Kolek,17,25,42
6313643,semaphore,19,23,42
7427035,Chompy,18,24,42
9119507,Dada,16,26,42
9870167,Respirte,11,31,42
19013217,Armada,12,30,42
602,Hitoshirenu Shourai,39,2,41
7013,mrtn,33,8,41
26507,Kotone,12,29,41
124455,NoHitter,30,11,41
685229,Beige,20,21,41
1557955,Nerova Riuz GX,15,26,41
2959862,Mortem,17,24,41
3250792,ProfessionalBox,18,23,41
4075595,Yohanes,29,12,41
4276114,Kisses,9,32,41
4341302,HootOwlStar,4,37,41
4598899,Halfslashed,28,13,41
7588074,-[Shady]-,19,22,41
7742067,SpokenAway,15,26,41
11038155,necofart,10,31,41
11787713,Blitzifyyy,17,24,41
12084288,Rosiie,18,23,41
19977841,My Angel Eririn,24,17,41
121337,Roddie,14,26,40
587737,Zetera,10,30,40
617323,Chewin,26,14,40
937761,[ Zzz ],4,36,40
4800816,Fall,25,15,40
6064571,HowRengar,27,13,40
6816873,defiance,12,28,40
7132267,Nelliel,9,31,40
9326064,TachibanaHikari,9,31,40
10974170,Nuvolina,30,10,40
12196931,too,10,30,40
12464107,Saggin,23,17,40
27969712,sstari,16,24,40
28531530,Tokyo 727,14,26,40
13920,Symbolic,27,12,39
46605,Astom,27,12,39
78552,Aenna,17,22,39
91501,aesopl19193,10,29,39
131270,S o r d a,13,26,39
196614,Colin Hou,26,13,39
243049,smallboat,27,12,39
405449,BOUYAAA,13,26,39
592971,AdveNt,9,30,39
841391,NeilPerry,19,20,39
1011056,Nichiyouki,6,33,39
1131716,Come[Back]Home,19,20,39
1409012,Iceskulls,16,23,39
1446085,Konei,18,21,39
1476203,Lortelle,6,33,39
1482243,Mei,9,30,39
4028934,Meyrink,8,31,39
4260033,Zer0-,25,14,39
5239047,Linada,10,29,39
8147142,Cafe_deCoral,24,15,39
9186316,Shii,11,28,39
9633734,Mihato Kano,13,26,39
10183830,Maiev,20,19,39
10584295,_rye,25,14,39
15318322,Reenix,10,29,39
16368505,Livermorium,26,13,39
2650,awp,29,9,38
56708,0_o,21,17,38
73453,taka1235,9,29,38
284905,Ekoro,14,24,38
660484,YTYuyu,11,27,38
682919,ryuu,4,34,38
1425253,DakeDekaane,11,27,38
1893953,Nakano-,27,11,38
2313166,Kalindraz,8,30,38
4696296,celerih,27,11,38
6885942,Hectic,22,16,38
7202957,Nevertary,25,13,38
7605060,-Eresh,15,23,38
8247685,isle,25,13,38
10038441,My Angel Jeremy,15,23,38
11276158,Sayokon,21,17,38
13356408,lushifer,12,26,38
16833061,Mavrikya,16,22,38
17302272,Kurumiism,12,26,38
34044,xierbaliti,26,11,37
44867,Crazy Jay,17,20,37
84841,CXu,23,14,37
123636,banvi,20,17,37
409957,KSHR,2,35,37
745494,Shadren,15,22,37
4496961,MaridiuS,16,21,37
9000308,Stixy,10,27,37
10562853,seros,22,15,37
16105816,melae,18,19,37
951,MegaManEXE,3,33,36
6794,Nharox,33,3,36
43677,Takuma,23,13,36
77537,Breeze,27,9,36
85000,Charles445,23,13,36
119404,gowww,11,25,36
160558,hoLysoup,19,17,36
176044,Axey,7,29,36
654516,Seikatu,13,23,36
1043627,meiikyuu,13,23,36
1514083,sjoy,27,9,36
4841608,ReFaller,7,29,36
4945926,yaspo,6,30,36
5052899,Matrix,28,8,36
5387375,banter,12,24,36
5741153,Cote,5,31,36
6346081,Shiny Braixen,6,30,36
6495550,Florescence,18,18,36
7543834,Atalanta,16,20,36
8030129,flouah,17,19,36
8554786,Mentai,12,24,36
11308433,boys kissing,9,27,36
13245261,announcerf,16,20,36
14729352,nebuwua,23,13,36
19884809,ajmosca,6,30,36
20907417,im yeojin,7,29,36
1079,LuigiHann,26,9,35
360176,Aleks719,23,12,35
404169,Tony,25,10,35
419795,Naichatta,14,21,35
431791,Suzully,20,15,35
487668,ShiraKai,9,26,35
1399551,Sylphi,7,28,35
1561995,neonat,21,14,35
1622450,Sharlo,10,25,35
3420746,Saki,18,17,35
3552948,SkyFlame,18,17,35
4174940,Yusomi,12,23,35
4442006,HappyRocket88,1,34,35
5379679,Rieri,15,20,35
7601720,Sparhten,18,17,35
8920907,jas,16,19,35
10324016,Bujinn,13,22,35
12024753,Esutarosa,14,21,35
16151710,Kano Mahoro,15,20,35
19028240,aundy,20,15,35
26748801,Amefystol,15,20,35
27370842,maikayuii,19,16,35
4249,Mifune24,34,0,34
17938,Ekaru,33,1,34
106767,tsuka,21,13,34
237733,Gonzvlo,15,19,34
351560,Yasora,20,14,34
445907,Rare,14,20,34
575846,Megurine Luka,18,16,34
735289,Mythol,15,19,34
759860,popner,25,9,34
1027860,LunarSakuya,8,26,34
2032353,Sutherland,11,23,34
2126338,papple104,2,32,34
2195646,Kyubey,19,15,34
2208964,Secretpipe,27,7,34
2286528,GIDZ,12,22,34
2439822,Rtyzen,15,19,34
3163649,GfMRT,5,29,34
3620525,pkk,11,23,34
3650145,Asahina Momoko,11,23,34
4098393,Tarrasky,11,23,34
4287454,Dilectus,14,20,34
5371497,Alumetri,20,14,34
6341518,rosario wknd,34,0,34
6383137,Starset,3,31,34
6699165,Mun,18,16,34
6753180,Underforest,14,20,34
6787940,Cole Cassidy,17,17,34
10232284,chuuwon,7,27,34
14014646,climbx3145,11,23,34
16504559,dal4ra,12,22,34
17958775,karta,5,29,34
23450686,leledorf,10,24,34
24168968,tacoyaki5,16,18,34
18983,Doomsday,10,23,33
47060,v2b,18,15,33
58042,yeahyeahyeahhh,22,11,33
98661,Xgor,22,11,33
100324,miccoliasms,15,18,33
873758,Gloria Guard,15,18,33
1103522,BeatofIke,18,15,33
1869764,ErunamoJAZZ,11,22,33
2003326,emilia,3,30,33
3495259,Bearizm,20,13,33
4420014,Elcheer,5,28,33
4824692,Moete,12,21,33
6186199,Dubturt,8,25,33
7228554,Kirylln,8,25,33
7715620,IsomirDiAngelo,22,11,33
7825971,Firiiu,10,23,33
9769199,Creamy Candy,11,22,33
9967026,ckharv,11,22,33
10077431,Plasma,5,28,33
10634465,Dayno,28,5,33
10964252,Nijika Ijichi,12,21,33
113646,arien666,31,1,32
159023,Mok,27,5,32
353821,Ryafuka,14,18,32
610988,P o M u T a,23,9,32
855209,kosiga,8,24,32
888955,Wafu,18,14,32
989377,Damnae,10,22,32
1459960,-Yuzuriha,10,22,32
1779172,Tari,17,15,32
2522275,Voli,12,20,32
4142332,Sandrew,10,22,32
4157611,Nyanaro,28,4,32
4783121,SuperBox,14,18,32
5716327,Akito,11,21,32
6273855,Ghouru,13,19,32
6513356,Dashyy-,5,27,32
8398948,Azinlen,1,31,32
8646059,UberFazz,16,16,32
10059654,Hantrik,15,17,32
10778215,jiwoas,17,15,32
11251594,973badvibezgirl,16,16,32
12402453,StarCastler,10,22,32
14185739,Yumenexa,14,18,32
14257870,Chubby Lung,19,13,32
14272534,Astromi,11,21,32
15241257,nuinuinu,9,23,32
57448,Lanttu,25,6,31
74313,rui,13,18,31
119134,Leorda,28,3,31
126859,Dusty,10,21,31
140188,saymun,21,10,31
909167,Miya,14,17,31
1307553,Aka,11,20,31
2571893,sharpnel,6,25,31
3436326,bibilicu,20,11,31
3592149,Winnie,5,26,31
3850859,Lavender,18,13,31
5174427,Saileach,16,15,31
5999631,Venix,17,14,31
6974536,Lude,2,29,31
7342798,_Epreus,13,18,31
7633130,Sagisawa Arisa,16,15,31
8801502,Stellanova_,16,15,31
10660777,quantumvortex,9,22,31
14517269,nowisee,15,16,31
17735305,CRYacho,3,28,31
18321800,SkyZaf,16,15,31
28052,Kuroneko-sHerald,7,23,30
787542,Chloe,16,14,30
1331447,XinCrin,11,19,30
1588934,Ametrin,10,20,30
1762954,Raose,7,23,30
1814662,Mariner,10,20,30
1857063,Shiranai,19,11,30
2202163,-Mo-,13,17,30
2391299,[ Drop ],3,27,30
2542623,GodKei,9,21,30
2581696,Seijiro,9,21,30
3280555,Hakurei Yoru,13,17,30
3493804,Eirra,9,21,30
3789276,Vivyanne,13,17,30
3901754,Cynplytholowazy,8,22,30
4262229,sinn,8,22,30
4284198,Houshou Hari,9,21,30
5728295,Shira,7,23,30
6486831,Yamicchi,15,15,30
7968702,Hikan,3,27,30
9748303,Mattay,18,12,30
10261029,wenect,6,24,30
10261883,Girls Love,20,10,30
11237996,pany511,19,11,30
11854343,shoyeu,3,27,30
12851847,flures,12,18,30
13102983,Surou,12,18,30
14146327,Ajitani Hifumi,3,27,30
14829744,yuiyamu,8,22,30
15342657,sainai,4,26,30
16546696,Hyokar,14,16,30
18038026,Tesla173,10,20,30
18614817,Gregg Lee,6,24,30
21397778,Graphical,10,20,30
20865,blissfulyoshi,24,5,29
50163,yaya,20,9,29
443031,09kami,19,10,29
530913,grumd,18,11,29
626907,Stefan,10,19,29
1061213,Patchouli-R,13,16,29
1156742,Cherry Blossom,19,10,29
1823446,Giralda,9,20,29
3262377,Ipas,13,16,29
3664366,tochiii,18,11,29
3767927,Kyle73,10,19,29
4315188,_Meep_,11,18,29
4475985,Enerugi,4,25,29
4759935,TheMefisto,6,23,29
4830261,Seni,14,15,29
7912447,The Fart Lord,7,22,29
9042918,ganyu lover,4,25,29
9531903,FrenZ,13,16,29
11742599,Vitas2222,11,18,29
11798717,Pass_ing,4,25,29
12344917,craxtz,8,21,29
12764229,milkgreen,12,17,29
13822800,nexusqi,11,18,29
58197,Lilac,4,24,28
69114,YGOkid8,13,15,28
131918,Luvdic,18,10,28
177116,SamiPale,4,24,28
264914,DaxMasterix,19,9,28
678794,10nya,8,20,28
767003,Mixagji,18,10,28
849555,Dino99,21,7,28
879200,BCI,3,25,28
1026904,leo16834,8,20,28
2279351,Atsuro,10,18,28
3457553,-NanoRIPE-,8,20,28
4219034,kakifly,13,15,28
5710809,Sakurauchi Riko,17,11,28
6057004,Kuroame,6,22,28
6233296,tilda,10,18,28
6400861,Elayue,12,16,28
6441720,Yuuya_ke,8,20,28
7704651,Visionary,13,15,28
8991722,Natori Sana,7,21,28
9112395,CORROSIVE,9,19,28
11311583,Ness_Okey,3,25,28
11322604,Sayuka,17,11,28
11420364,Ninjaking311,13,15,28
13292803,NakaRoniX,4,24,28
13723628,Lyubym liya,16,12,28
14498926,wrn81056398,3,25,28
15538779,velamy,9,19,28
16134122,Local Hero,7,21,28
17714868,Gabizon04,13,15,28
23711278,LuminousFox,6,22,28
26705942,DaCh1,12,16,28
35146572,snyc,5,23,28
30655,mm201,14,13,27
67192,Beuchi,9,18,27
104700,gdeath,21,6,27
310747,KanaRin,26,1,27
421286,JoJo,5,22,27
578401,lolcubes,10,17,27
1347489,Streliteela,8,19,27
1612624,GoldenWolf,20,7,27
2045914,Starfy,12,15,27
2072005,timemon,24,3,27
2209412,Oyatsu,11,16,27
2345298,Hanazawa Kana,11,16,27
2426126,Rakuen,12,15,27
2558570,A Mystery,2,25,27
2773526,Xexxar,17,10,27
3001783,-Nanaka-,10,17,27
3087506,JeZag,12,15,27
4191702,polka,14,13,27
4338923,Syncro,17,10,27
4789626,SeaRasp,21,6,27
4865030,Fursum,13,14,27
5580983,Foxy Grandpa,16,11,27
6761853,Jennifer,13,14,27
7117621,RaoraPanthera1,11,16,27
7501935,nextplay,4,23,27
7562402,Hooni,4,23,27
8271086,nooj,8,19,27
8841535,GalaxySkys,19,8,27
9397193,-digital,3,24,27
9629457,Kwstv,15,12,27
10048024,STaLeRGooD,20,7,27
10259935,HinaMommy,2,25,27
10646707,Ralkinson,4,23,27
11864461,Agnes Tachyon,13,14,27
12931130,Soue,10,17,27
16142512,,4,23,27
17081761,Lyvai,5,22,27
3480,Zerostarry,23,3,26
172707,Kecco,20,6,26
232601,Fight69,9,17,26
287468,narakucrimson,23,3,26
381444,galvenize,14,12,26
409347,Evil_Twilight,5,21,26
537344,Pereira006,20,6,26
672931,TicClick,18,8,26
762487,Saturnalize,6,20,26
986714,sodarose,9,17,26
1574070,,24,2,26
1587976,AruOtta,8,18,26
1614839,thzz,5,21,26
2445027,AlexaBM,9,17,26
2935923,Yuii-,0,26,26
3216107,Civil oath,0,26,26
3323762,Aerous,15,11,26
5384962,Lily Bread,18,8,26
7293512,Nitrous,12,14,26
8617799,zgerypala,15,11,26
9014033,Ratarok,14,12,26
10089248,BadGames,7,19,26
10772580,ravensong,12,14,26
10927454,Shijie,4,22,26
10959501,enneya,9,17,26
11194087,Ixcors,4,22,26
13198627,SuperDalouBot,4,22,26
14694998,Appetible,8,18,26
123491,Teara,6,19,25
159431,Deye,2,23,25
276786,vivicat,10,15,25
324768,happy623,5,20,25
966210,mintong89,14,11,25
1293097,-Nya-,18,7,25
1352672,Moway,9,16,25
1380253,Awaken,8,17,25
1576498,Cloudchaser,10,15,25
1957638,-Sh1n1-,13,12,25
2907237,Marmowka,15,10,25
3198109,Ultima Fox,11,14,25
3223044,Skymin,6,19,25
3810322,chr,14,11,25
4294993,Celektus,8,17,25
4505918,Dignan,14,11,25
4674054,byfar,7,18,25
4675839,Underdogs,6,19,25
5128277,TheKingHenry,22,3,25
5260915,papapa213,7,18,25
5412891,Moka21,10,15,25
6117184,wyit,7,18,25
6184386,Senseabel,6,19,25
6854920,Another Flower,3,22,25
7106283,Lune,3,22,25
7856835,Gordon,10,15,25
8144098,Lilyanna,16,9,25
9312734,MochiA,17,8,25
9482176,aqilmanuar,5,20,25
9908108,HakuYT,25,0,25
11389321,wordle,8,17,25
12016948,Shiwakaze,4,21,25
12914206,adeaaa,15,10,25
13107354,UjiMatcha,9,16,25
13400075,Raijodo,11,14,25
14547127,Kuroise,13,12,25
15922951,Elie,14,11,25
16784607,roria,13,12,25
19044162,Kataryn,6,19,25
28638246,Tokiwa Kano,17,8,25
32660651,-aly,11,14,25
93392,y u c a,9,15,24
276993,Disoy,6,18,24
317494,Mikkuri,6,18,24
467860,Lan wings,17,7,24
987334,Bonsai,14,10,24
1574724,Xyph1c,12,12,24
2185987,emu1337,12,12,24
2304063,CrystilonZ,14,10,24
2339768,Kroytz,20,4,24
2523533,UndeadCapulet,13,11,24
3028729,Ohwow,14,10,24
3099689,Xilver15,8,16,24
3716999,Arf,14,10,24
4166621,awawa,8,16,24
5477793,Nagi Hisakawa,8,16,24
5645667,YaMaDarknesss,2,22,24
6100837,Imakuri,14,10,24
6203841,Kagetsu,10,14,24
7948210,Gillstar,14,10,24
8468590,lettuce,7,17,24
9401932,fluxie31,9,15,24
10288461,Chizu-Kun,5,19,24
11601269,Three Fairies,6,18,24
11970894,Yume Nijino,12,12,24
14227494,Kayamori Ruka,10,14,24
14781224,Aspheria,13,11,24
15899606,FackeL,2,22,24
16158742,AuroraE,1,23,24
16711065,Soraka,5,19,24
19687662,Seragaki Aoba,8,16,24
5960,,20,3,23
10542,Metroid,15,8,23
50265,hvick225,4,19,23
150488,Shulin,12,11,23
179520,Clare,13,10,23
408461,cmn_891127,13,10,23
423548,,21,2,23
847434,Fragmented,5,18,23
1269067,,11,12,23
1367296,Poggo,12,11,23
1629553,yiyi,11,12,23
1778050,UnitedWeSin,7,16,23
1945351,Reol,5,18,23
2687320,Kazuya,19,4,23
3107791,Mikii,3,20,23
3414541,Vell,14,9,23
3523418,sdafsf,4,19,23
3806893,domSaur,21,2,23
4468239,ohm002,9,14,23
5646529,Tatan,5,18,23
6632605,Julian Alvarez,6,17,23
7160660,caveman415,2,21,23
7754679,yShadowXOP_,7,16,23
7755084,Umi Sonoda,17,6,23
7858823,DoIon,3,20,23
8009626,GlaZe,11,12,23
9005293,Ilay,15,8,23
9641731,[SHK]SparkNight,6,17,23
10701418,itay,14,9,23
11016828,aqila,5,18,23
11629649,Rippuru,3,20,23
12091109,melwoine,9,14,23
12381096,Calvaria,8,15,23
12756920,Teages,3,20,23
13221589,mintIceCream_,6,17,23
14531350,Kagayaki,10,13,23
14899675,DaNILMaZ1,5,18,23
15664628,Arushii,10,13,23
16000731,sagirio,2,21,23
23040683,LaurKappita,16,7,23
23471878,Abyssgard,10,13,23
30620439,OSUDriver,11,12,23
7824,deepsea,11,11,22
40998,Real1,17,5,22
87546,Akiyama Mizuki,1,21,22
103929,yongtw123,11,11,22
145343,ccbp,4,18,22
220939,ertyukjh010,5,17,22
275450,Akareh,5,17,22
276444,Anto,9,13,22
551125,BounceBabe,15,7,22
579428,Jenny,17,5,22
898306,Yauxo,8,14,22
1371514,buhei,9,13,22
2248417,KaedekaShizuru,14,8,22
2554967,liangv587,13,9,22
3136279,Jeby,2,20,22
3144542,fergas,12,10,22
3277244,Fizz,0,22,22
3583061,Alheak,10,12,22
3653035,Jonarwhal,5,17,22
5392762,Arphimigon,7,15,22
5858447,Nozuchi,5,17,22
6280862,SquareTude,14,8,22
8668139,Nabori,10,12,22
9562068,zhuizhui,5,17,22
10120527,Aoinabi,8,14,22
10589721,Frutiger_,19,3,22
11558207,shime,16,6,22
13653298,xytoper,2,20,22
13869387,Ayayano,6,16,22
13883978,yousick,17,5,22
15315086,neone,8,14,22
15563306,Auriga,4,18,22
15839554,otudou,7,15,22
16022233,AstralXynsm,5,17,22
25260508,NYAN_KOT_NYAN,4,18,22
106,Behon,18,3,21
431,Echo,19,2,21
11866,tom800510,21,0,21
13103,abalee,11,10,21
31803,Skyripper,19,2,21
36749,Zekira,19,2,21
56917,fartownik,11,10,21
60574,azuki,9,12,21
67211,Weez,14,7,21
137168,Patchouli,5,16,21
427076,Dark_Ai,13,8,21
573722,samplefish,14,7,21
593215,merchat7,8,13,21
1504456,Oracle,4,17,21
2139130,[Kamiya],6,15,21
2316951,Lust,12,9,21
2449200,AncuL,3,18,21
2459589,F D Flourite,11,10,21
3141964,GimBab,3,18,21
3648459,Gaz,11,10,21
3962668,Modem,16,5,21
4835997,CookieBite,11,10,21
6336729,Shanipika,5,16,21
6977273,yukic,5,16,21
7270089,Gangnam Style,4,17,21
7458583,Frakturehawkens,6,15,21
8257675,Vararaup,12,9,21
8640970,enri,2,19,21
9706291,Faito,6,15,21
10909373,vetoed,4,17,21
11545816,tsunyun,5,16,21
11905309,Leyley,4,17,21
13438435,traqqy,7,14,21
15393915,towerofheaven,11,10,21
17823832,Kieost,8,13,21
18254365,TasseDeThe,16,5,21
30485380,nominomu,6,15,21
10028,vytalibus,19,1,20
21961,Al-Azif,15,5,20
26551,Hikato,8,12,20
57057,Gabi,17,3,20
63829,Bass,16,4,20
103666,simplistiC,10,10,20
104751,Kiddo-Kun,12,8,20
107485,pieguyn,14,6,20
120823,ZLOdeuka-,10,10,20
154400,dkun,17,3,20
170501,Snowy Dream,13,7,20
303929,MiLu,7,13,20
515967,Ulysses,8,12,20
520957,Irie Miyuki,3,17,20
550523,phonic,8,12,20
867259,Scorpiour,10,10,20
1546760,Jycool,10,10,20
2018960,Finshie,9,11,20
2225327,Kaitjuh,15,5,20
3720242,guineaQ,5,15,20
3937810,Weedy,1,19,20
4505479,[Mad],8,12,20
4611708,mynt,4,16,20
4930630,C00L,10,10,20
5179950,-Zeraora,7,13,20
5297447,Sulfur,7,13,20
5754859,pewdekz,8,12,20
5980661,Renamon,7,13,20
6607303,Hokichi,7,13,20
7743935,Akane-_,0,20,20
7863082,piklopedia,8,12,20
7904647,Primonix,10,10,20
8705545,Stormiverse,0,20,20
9074780,atlas,6,14,20
9205650,Flowziee,5,15,20
9956596,HyperPigeon,7,13,20
10423765,DarkeBluu,1,19,20
10676118,promised,2,18,20
11642599,mrforse,4,16,20
13868581,chidodou,10,10,20
15022846,orissm,3,17,20
15369635,Castiello,6,14,20
16640021,Pisapou,15,5,20
5772,machol30,18,1,19
22684,cesc,5,14,19
27896,al2e10,13,6,19
95480,alvisto,10,9,19
160158,_llkey_18,11,8,19
228532,Glass,15,4,19
270509,mjw5150,10,9,19
352328,rrtyui,5,14,19
378377,Verdisphena,1,18,19
807817,kajiyatta,12,7,19
1133005,-Neipezi,7,12,19
2164888,wetdog123,5,14,19
2189372,AnimeStyle,7,12,19
2942381,Mazzerin,17,2,19
3003978,Maruyu,8,11,19
3170401,-Kemsyt,11,8,19
3700647,Cheesecake,5,14,19
3868653,waefwerf,5,14,19
3878832,nika mika,5,14,19
3993153,Lancien,6,13,19
4349223,Sharkie,2,17,19
4556542,Sagu,7,12,19
6449388,619,4,15,19
7201269,gygy,9,10,19
7586512,Mamiya Takuji,13,6,19
8034889,zhu,17,2,19
8038420,okappi,0,19,19
8260206,Ryuukan Ameri,7,12,19
8531410,Tuffiii,4,15,19
8679346,BaAR_Vendel,4,15,19
8852605,Awfulness,3,16,19
9125335,Timevid,3,16,19
9505704,skylaa,3,16,19
11025701,,5,14,19
11333236,,3,16,19
11476143,bgm16,5,14,19
11758667,kuyusu,8,11,19
12283473,never FC on osu,8,11,19
14272323,Delta_,16,3,19
14450486,Vyassel,15,4,19
14726718,YeLing,11,8,19
14870723,NiniDialga,14,5,19
15129840,[-Shabondama-],10,9,19
16063282,ninore,11,8,19
17516640,Booliix,7,12,19
18161041,Amon-,2,17,19
20098206,Ziny,9,10,19
22748140,doops,6,13,19
42460,Sleep Powder,3,15,18
66296,Azure_Kite,8,10,18
219282,qinche,11,7,18
365586,kwk,11,7,18
384802,Kitsuneko,3,15,18
388602,SapphireGhost,11,7,18
542498,caren_sk,2,16,18
587361,Azure,8,10,18
1313969,Bonzi,2,16,18
1385760,luxoDeh,10,8,18
1480622,Pururut,7,11,18
1629059,Broccoly,8,10,18
1843224,Abelia,11,7,18
1872936,-Amia,6,12,18
1929729,kisata,4,14,18
2140676,Smokeman,7,11,18
2193723,Moa,11,7,18
2427693,[ -Scarlet- ],3,15,18
4077912,Ataraxia,3,15,18
4330511,dsco,18,0,18
4363530,Tachibana Gekka,1,17,18
5400261,Lumael,8,10,18
5597639,Sharu,5,13,18
6115007,Ksardas,6,12,18
6387433,Koi Kou Enishi,14,4,18
7081160,olc,11,7,18
7515767,Half,10,8,18
7746157,semfi,10,8,18
8910688,Stratos,4,14,18
9834516,Mameko,17,1,18
9863870,Sieu Phan Dong,9,9,18
10176062,caps,6,12,18
10627594,subahibi,6,12,18
11076738,faxaxaxa,7,11,18
12893682,Luminelle,10,8,18
12905443,Clubby,4,14,18
14165931,Serafeim,12,6,18
14242784,S_Saika,5,13,18
16048968,Kaoruishi,11,7,18
16407988,Alty,4,14,18
16678364,Phten02,4,14,18
17493476,Karai,7,11,18
19111992,Urition,4,14,18
23016502,Ririchi,2,16,18
4018,Mogsy,14,3,17
19883,foulcoon,17,0,17
31610,climbb65588,5,12,17
40981,GabrielRKF,6,11,17
53940,Ultimate,6,11,17
64501,Lybydose,14,3,17
103282,Shinde,7,10,17
114017,KRZY,3,14,17
126823,Crimmi,5,12,17
167453,cheesiest,4,13,17
298471,bakabaka,13,4,17
332555,HeatKai,15,2,17
491754,Sandpig,9,8,17
648885,Sun Rainbow,3,14,17
686209,RikiH_,9,8,17
805629,KokoroStudiox3,3,14,17
1083407,sionKotori,3,14,17
1211737,Zweib,5,12,17
1231762,ak74,3,14,17
1267151,Ayu,9,8,17
1314547,Uberzolik,6,11,17
1786945,Kaine,7,10,17
2377881,Y-Sun,10,7,17
2620107,Eni,0,17,17
3062998,rollpan,5,12,17
3545323,steamyhotbun,6,11,17
3748189,Nekomata,8,9,17
3866821,soncak,3,14,17
4236057,Xinnoh,14,3,17
4272879,Qiyana,4,13,17
4458550,Del05,6,11,17
4477199,how2miss,1,16,17
5277199,NeonLights,6,11,17
5960077,Nokris,7,10,17
6017901,netnesanya,8,9,17
6110111,,2,15,17
6258586,RyoKazuka,3,14,17
6673830,Toumei Dragon,12,5,17
6684556,Myah,9,8,17
6808091,pocket-,7,10,17
7164546,danissima,5,12,17
7288862,-jordan-,3,14,17
7716455,Remilie,7,10,17
7873446,Revolver,10,7,17
7989480,_xyliac,10,7,17
8339126,NEVlR,5,12,17
8846632,Sunazuka Akira,4,13,17
8874115,Chogori,6,11,17
9956935,Prizma,10,7,17
10193902,Striderin,9,8,17
10279996,Sweets,2,15,17
10642837,Kazuma,9,8,17
12172073,Dabbe_01,10,7,17
12927633,kiwies,10,7,17
14438960,My Angel Kazuha,1,16,17
15243233,Kurboh,6,11,17
15762036,namriee,4,13,17
16138333,hawnig,12,5,17
17076146,Sprixx,7,10,17
19791618,Lartie,0,17,17
21180640,Hayakou,3,14,17
21345722,Yours-,1,16,17
22704581,Adequate,2,15,17
23059830,Pinocchio,7,10,17
35140581,pearto,6,11,17
5352,eee,10,6,16
31537,Seibei4211,13,3,16
46538,WyndII,1,15,16
65152,Faust,11,5,16
98460,Kytoxid,10,6,16
107426,KanbeKotori,9,7,16
112302,Yes_old,10,6,16
147515,Rucker,7,9,16
194807,lepidopodus,16,0,16
204190,regenz,6,10,16
226171,soulfear,15,1,16
291211,h3k1ru,8,8,16
343490,Samah,3,13,16
352740,Quilt,8,8,16
352804,Licnect,10,6,16
503033,Tenshi-nyan,10,6,16
567153,yanlu,6,10,16
602695,Kryptogram,4,12,16
930165,Mystyk,7,9,16
989563,[CSGA]Ar3sgice,3,13,16
1218895,Athanasia-,1,15,16
1654186,ColdTooth,3,13,16
1844862,Hajime,16,0,16
1855540,-Visceral-,7,9,16
1974797,Lemaire,4,12,16
3411824,Makeli,7,9,16
3528699,Blizs,6,10,16
3799202,Saut,9,7,16
4193171,zglock,11,5,16
4398740,kerupt,8,8,16
4688735,neko ds,5,11,16
4826159,Chalwa,3,13,16
5346261,bob,9,7,16
7042978,Karhu,7,9,16
7118575,Ancelysia,9,7,16
7272036,YukiZura-,8,8,16
7679162,Imouto koko,4,12,16
8715734,sainoo,3,13,16
9321674,Orkay,12,4,16
9772095,Narrative,6,10,16
9849451,NaPiii_,12,4,16
10772404,Spy_RO,7,9,16
10775413,cerule,7,9,16
11756000,kuuti,4,12,16
12318332,ralsricat,7,9,16
12445673,boylove,5,11,16
12613340,Huo Hua,8,8,16
13198488,-infinite-,16,0,16
13893348,Noi Komazawa,6,10,16
14262323,Alternance,5,11,16
15003543,FreudeMan,1,15,16
15082028,Zawajiro,9,7,16
15137544,azphyx,3,13,16
16740086,]o[,6,10,16
19425672,Mejiro Dober,11,5,16
11874,Yuukari-Banteki,12,3,15
16978,James2250,11,4,15
78227,Ex Boy,7,8,15
93813,Hamuko,12,3,15
119933,Kert,12,3,15
122623,Fuuko,9,6,15
133783,MeLLoN,8,7,15
199540,Holoaz,10,5,15
252527,kazumikos,10,5,15
275686,The 08 team_Bourdon,6,9,15
290738,Frill,9,6,15
322004,AoiX,3,12,15
329616,Magicphoenix,9,6,15
382221,Sumisola,9,6,15
568761,[Mahua],5,10,15
614413,YellowManul,9,6,15
643394,Snow Note,10,5,15
649494,YoshinoSakura,5,10,15
747356,K i A i,2,13,15
759439,jieusieu,4,11,15
855713,Cilvery,6,9,15
1138027,sheela,8,7,15
1280641,Liiraye,6,9,15
1499997,9ami,8,7,15
1886524,Cerulean Veyron,8,7,15
1947052,Sakaue Nachi,10,5,15
2018768,Miy,6,9,15
2026274,Bariton,6,9,15
2241849,MirinH,6,9,15
2321050,red panda,4,11,15
2345078,Krimek,7,8,15
2484123,Kihhou,8,7,15
2533040,Bara-,6,9,15
2596942,Kaifin,5,10,15
2675027,CSLM,4,11,15
3364931,Sellenite,7,8,15
3552507,Kinshara,5,10,15
4201715,Lulu-,8,7,15
4610047,PoNo,6,9,15
4729546,vick,7,8,15
4899393,PAJWOJ,5,10,15
5385151,den0saur,6,9,15
6293158,ConsumerOfBean,2,13,15
6341262,Logic Agent,5,10,15
6447505,maxie,10,5,15
6480305,Kilabarus,9,6,15
7545218,fooders,3,12,15
7595619,Lightin,5,10,15
8181420,big snag,8,7,15
8382196,kodama,8,7,15
8473573,funny,7,8,15
8840398,OneShotFox,5,10,15
8889054,Azzedd,10,5,15
9334812,Bokamin,9,6,15
10645649,ayel,6,9,15
10874984,StrengeMistake,3,12,15
11540165,Blacky Design,7,8,15
12337329,dooe,6,9,15
13267213,beachlife,3,12,15
13330123,mizto,4,11,15
13567114,steben,14,1,15
13866023,Mahiru Shiina,8,7,15
14142110,catnoise,5,10,15
16861790,Weoweet,10,5,15
17352850,Wavewy,7,8,15
18750002,-koreangod1111,5,10,15
19270348,Amami Yuu,8,7,15
24552396,Whithard,4,11,15
5530,Sinistro,12,2,14
9072,CheeseWarlock,9,5,14
9207,minyeob,8,6,14
51994,whymeman,8,6,14
57526,mosluv,6,8,14
70863,La Valse,7,7,14
71611,KIA,12,2,14
71917,swish,4,10,14
102682,Furawa,12,2,14
110372,Rukario,4,10,14
152264,TTTTTTTTTTTT,2,12,14
157680,Ignacio_old,5,9,14
256907,iDwarf,11,3,14
296087,Heatherfield,7,7,14
439845,S h i o n,6,8,14
525262,KogumaX,5,9,14
557166,those,8,6,14
684433,taku,3,11,14
701726,Katsuri,10,4,14
802909,[Luanny],10,4,14
1170595,maaagic,5,9,14
1572385,Buttercup,7,7,14
1843939,trawnquile,2,12,14
1948827,Alarido,6,8,14
2116792,FreeSongs,3,11,14
2528415,Exote,1,13,14
2775906,EncoreW,7,7,14
2922196,-Eriri-,2,12,14
3206945,Rohit6,4,10,14
3229630,Lyric,0,14,14
3492472,Aia,4,10,14
3860376,SrSkyPlayer,5,9,14
4533168,StripedGoose,6,8,14
5309909,evth,6,8,14
5918561,J1_,3,11,14
6204933,Janpai,3,11,14
6242405,DJMax,0,14,14
6707918,MaestroSplinter,8,6,14
6794612,Firetruck,2,12,14
6983995,smozit,1,13,14
6990066,R3m,10,4,14
7483636,-Nanako-,3,11,14
9652892,Risen,1,13,14
9713839,artcore,5,9,14
10030328,Murasa,6,8,14
10639122,enryotoki,0,14,14
11070577,FAW,0,14,14
11221442,fujinn,2,12,14
13066283,DMK7,6,8,14
13216706,gwb,3,11,14
13567121,Kimchi Sandwich,1,13,14
13918392,Chills,5,9,14
15114200,Komeiji_Satori_,1,13,14
16317060,LotsOfBagel,5,9,14
17040639,ceytnot,6,8,14
19625186,Dephynia,6,8,14
20101640,Cocoyu,7,7,14
452,Kharl,12,1,13
42585,SteRRuM,6,7,13
43468,bmin11,3,10,13
49329,rEdo,9,4,13
60294,DaRRi,4,9,13
69333,Jinxy,9,4,13
102152,terametis,11,2,13
251683,Musty,5,8,13
365331,ArThasCD,6,7,13
401511,Orgol,0,13,13
625988,Elasia,1,12,13
637635,Citrus,11,2,13
717228,Dark Fang,6,7,13
791387,D33d,8,5,13
838176,ts8zs,2,11,13
858254,EmPao,7,6,13
1177149,Autumn,8,5,13
1703474,Luna-,3,10,13
1886722,Nattu,6,7,13
2036217,Sidetail,7,6,13
2212938,-Maruk-,1,12,13
2393051,,5,8,13
2466181,Rin Desu,4,9,13
2782104,Startrick,5,8,13
2916414,-PC,2,11,13
3172714,Ambient,4,9,13
3275468,Boppin,2,11,13
3388082,ThunderBird2678,6,7,13
3442339,Side,4,9,13
3475189,BarkingMadDog,4,9,13
3545579,eclessia,3,10,13
3556629,Mak Kau Hijau,9,4,13
3806179,Spayyce,4,9,13
4537219,Furox,7,6,13
4571914,Feb,6,7,13
4589786,,4,9,13
4681578,GRR SNARL GROWL,2,11,13
4724315,Kardshark,0,13,13
5330236,ponpokorin,4,9,13
5407943,vanucik,3,10,13
5420543,PantyDev,2,11,13
6239835,Owens,2,11,13
6328878,AlReev,8,5,13
7306251,Chromasia,6,7,13
7306698,1103,10,3,13
7876168,Hakku,1,12,13
8165181,revoh,7,6,13
8239380,FunnyA,4,9,13
8485861,dogeosu,9,4,13
8714413,Cayssa,8,5,13
8894794,adioni,3,10,13
9014203,KyZzo,8,5,13
9338392,oyb,3,10,13
9451871,VP757,6,7,13
9839375,Shiino,11,2,13
10060797,girls kissing,7,6,13
10461699,TheSea,3,10,13
10662847,Syoko,9,4,13
10932297,Edmound,3,10,13
11635891,ShayKs,0,13,13
11653544,tadahitotsu,8,5,13
11726408,Synaelle,1,12,13
11844203,Boombox,3,10,13
12049607,Melons,6,7,13
12241690,Dialect,5,8,13
12270596,Castagne,4,9,13
12479389,Huzz,9,4,13
13097881,LimeTwist,3,10,13
13108233,milosz,3,10,13
13334570,silver tail,3,10,13
13547798,reychurd,7,6,13
13746903,bonrai,7,6,13
14582975,patchy,9,4,13
14592663,Woood13,7,6,13
14679448,Z5553,6,7,13
15095654,oTwinkle,6,7,13
15166764,jfiu,5,8,13
15378480,regisnalin,9,4,13
17768842,kosi,7,6,13
18523761,Aratoji,9,4,13
19953333,,2,11,13
25134566,nuclei,9,4,13
30309457,i love bunnies,3,10,13
34274689,yukenao,2,11,13
4254,MaxwellDemon,11,1,12
8596,Kodora,4,8,12
9631,silasw,12,0,12
10466,Wizard Of Orz,9,3,12
12143,f0012979,9,3,12
18404,Saturio,2,10,12
39872,Sir Minelli,9,3,12
55096,lovhin456,5,7,12
57976,Eirene,8,4,12
61866,BB-chan,6,6,12
95637,Nachy,3,9,12
109249,Kanon,3,9,12
128370,deadbeat,4,8,12
187250,HakuNoKaemi,4,8,12
228854,Curisu,1,11,12
234799,Mystica,6,6,12
297086,Sunny Holic,11,1,12
335784,Hellzero,5,7,12
417551,Rue,4,8,12
551805,Banana,3,9,12
836434,Melt,6,6,12
870067,Kuria,12,0,12
1014222,Erisan,3,9,12
1028922,thiev,4,8,12
1149962,bigfrog,5,7,12
1211748,Maboyu,9,3,12
1683740,paradaisu,0,12,12
1758523,Atrue,4,8,12
1895678,AnreFM,3,9,12
1913736,theramdans,8,4,12
2155578,Azer,7,5,12
2556958,ReaL motion,6,6,12
2633955,Peachtrees,12,0,12
2954693,Stjpa,4,8,12
3053382,melonboy,5,7,12
3153354,Syameimaru-Aya,0,12,12
3744100,pumice,8,4,12
4109923,Halgoh,0,12,12
4395077,Axaptice,2,10,12
4438154,Ellyu,7,5,12
4498616,fuwacina,6,6,12
4903197,Mystoxery,3,9,12
6629599,MiracleE,3,9,12
6641784,Pyo,9,3,12
6777358,beaw,0,12,12
6799223,Nidasimno,2,10,12
7094489,Nightlys,0,12,12
7319843,_DT3,2,10,12
7438108,Slips,5,7,12
7540631,virtuoso,8,4,12
8208277,Omega-Xis,3,9,12
8636583,Ajisai-,1,11,12
8863359,realy0_,7,5,12
8996148,sleepymateo,2,10,12
9046776,tin frog,3,9,12
9351553,Ianos,8,4,12
9448273,discode,4,8,12
10022433,naikoe,7,5,12
10022756,qurxna,3,9,12
10045409,Embo,8,4,12
10063190,,11,1,12
10210657,mystycute,5,7,12
10374819,im cute,3,9,12
10420493,aknazar,4,8,12
11199892,Evamare,6,6,12
11214999,Blood9,8,4,12
11330344,k0alcj,7,5,12
11364455,bolobolo123,3,9,12
11370251,Night Mare,6,6,12
11481881,JayBone,3,9,12
11849100,Onegai,3,9,12
12272964,THORWAVE,5,7,12
13241584,MeowUsername,6,6,12
14894675,Uniform,6,6,12
15516059,ProjectGreat,10,2,12
15754716,Runigh,0,12,12
15971098,,4,8,12
16248174,kayzy,2,10,12
16345483,_adeline,5,7,12
16737463,nathan off osu,2,10,12
17685407,tsumuno,7,5,12
18227942,Dr Manhattan,9,3,12
19857248,Herazu,4,8,12
20911341,RiverKnowFarm,3,9,12
23645554,Xiirn,6,6,12
88,eyup,11,0,11
6537,aquabluu,11,0,11
7114,avira0922,5,6,11
7186,Duoprism,11,0,11
8399,DawnII,8,3,11
9018,jmaeshawn,11,0,11
12506,lukewarmholiday,10,1,11
36222,lthefuryl,5,6,11
77221,kino77,6,5,11
83268,Matma Rex,7,4,11
155648,Arusha Shuna,5,6,11
177045,Lalarun,4,7,11
197682,Haneii,5,6,11
210658,S h i a,8,3,11
213961,Ylinestra44,5,6,11
260733,mercury2004,6,5,11
261529,Selee,5,6,11
285756,eldnl,7,4,11
306700,Thite,6,5,11
323929,HellDawn,7,4,11
328615,pimp,7,4,11
342856,lkp,5,6,11
346677,Kei,7,4,11
347691,Zelos,5,6,11
408088,Snepif,9,2,11
414427,xsrsbsns,4,7,11
438547,Apricot,5,6,11
482120,Homura-,5,6,11
670365,Frobe,1,10,11
838877,vipto,8,3,11
951893,kamisamaaa,4,7,11
982308,L_P,8,3,11
1065180,Smoothie,6,5,11
1104066,Pink Agate,9,2,11
1175275,Parachute,5,6,11
1572001,wa_,3,8,11
1916181,BoatKrab,3,8,11
2172778,Cosmolade,6,5,11
2262045,,3,8,11
2652543,Frostings,3,8,11
2730086,Voxnola,10,1,11
2996670,Illyasviel,5,6,11
3059414,Surac,2,9,11
3436625,Nyartin,3,8,11
3714249,Chihara Minori,0,11,11
3824882,Gyro Zeppeli,0,11,11
3930357,Gresiu,6,5,11
4325837,Aragon,3,8,11
4890427,Joe Castle,9,2,11
4998118,NOT A WEEB,5,6,11
5057420,bebe,9,2,11
5425046,Vespirit,1,10,11
6566632,Lokidoki,2,9,11
6792694,Radiownd,9,2,11
7575461,Lusumi,1,10,11
7630462,Zekao,6,5,11
7867617,Asa,5,6,11
7989003,Annex,6,5,11
7989641,Fanteer,4,7,11
8000924,KayINeo,2,9,11
8260550,Charity,5,6,11
8352623,Fisky,8,3,11
8395155,a night parrot,2,9,11
8549009,Riene,3,8,11
8576252,SStoney,2,9,11
8645133,pedeko,5,6,11
8855827,Maardhen,8,3,11
8949033,lapp,3,8,11
9079936,Skytuna,5,6,11
9148291,Yamanin Zephyr,3,8,11
9467258,Dogerinoo,1,10,11
9597370,TheBlank,1,10,11
9665030,bakery,3,8,11
10574844,AndAda,0,11,11
10610737,Judge1st,8,3,11
10632422,-eNVy-,6,5,11
10804237,-Links,6,5,11
11436348,Eterdesp,6,5,11
11461810,kagiura,1,10,11
11610772,MakiDonalds,1,10,11
11658199,momothx,8,3,11
11942179,Cartethyia,2,9,11
13110381,Guanineso,1,10,11
13471105,YeongSeok,5,6,11
16551148,Keke Tang,4,7,11
16808089,Youru,3,8,11
17100083,-Waterlemon,6,5,11
17722186,Azyeu,2,9,11
17744610,bIG data,0,11,11
18564015,geiboi77,0,11,11
19299669,Sovereignty,3,8,11
19618924,Jayblue,6,5,11
20636973,Akiko,8,3,11
25123849,mystaz,0,11,11
2,peppy,9,1,10
108,ZZT the Fifth,10,0,10
904,Donryu,10,0,10
2154,K-S-O,10,0,10
10560,-SiN-,4,6,10
18589,Cyclone,7,3,10
25425,HarryOrunitia,6,4,10
57603,Vikon,3,7,10
71756,Mukku,5,5,10
72290,frost-b-spec,2,8,10
116078,Cyclohexane,6,4,10
117865,Vanmonky,5,5,10
162159,NotShinta,6,4,10
262250,a32,4,6,10
289422,Sakura,10,0,10
296492,Komeiji Yuki,2,8,10
304103,senaya,4,6,10
337102,Haruru,3,7,10
364051,Shinki,1,9,10
393190,SakiK,1,9,10
395591,Kochiya Sanae,5,5,10
511286,GiNa,5,5,10
519978,Strawberry,7,3,10
537084,DoKito,6,4,10
660622,Elly-chan,4,6,10
739813,Abe Nana,7,3,10
936631,Midasmens,9,1,10
1441635,Yoeri,1,9,10
1481684,S o a p,7,3,10
1653229,Breakrio,0,10,10
1776055,JJburstOwO,3,7,10
2091463,Squichu,3,7,10
2114779,Ami,2,8,10
2500099,sorciere,3,7,10
2686293,WORSTPOLACKEU,7,3,10
3417469,Spork Lover,2,8,10
3638005,,9,1,10
3935174,Depths,4,6,10
4369309,Lunicia,5,5,10
4394718,Jace,0,10,10
4470854,YamYA,4,6,10
5242158,[Crz]Makii,3,7,10
5610245,m3gB3g,2,8,10
5688171,3mplify,4,6,10
5713791,Aosek,3,7,10
5902629,KeRLi_,6,4,10
5981005,gamer228666,3,7,10
6270995,EijiKuinbii,2,8,10
6291407,FL37,3,7,10
6336713,My Angel RangE,6,4,10
6792579,tilk1233,1,9,10
7041902,Ruhe07_,4,6,10
8092686,Time Freeze,4,6,10
8446047,pip,5,5,10
8693179,[Paw]OchiKouri,0,10,10
8954064,Jval93700,1,9,10
9143539,garvanturr,1,9,10
9187001,victorfernando,1,9,10
10027577,- AzRaeL -,6,4,10
10291667,Kine,6,4,10
10322894,[3D],1,9,10
10348768,skwql,2,8,10
10378085,azumiw,2,8,10
10428529,Yereoz,4,6,10
10907826,Astravan,4,6,10
11112643,tigre,3,7,10
11319867,Ninym,2,8,10
11334594,K4L1,6,4,10
11809892,EdgyKing,2,8,10
11963879,KaiserWeebs,2,8,10
12176908,AngeDuBlancPur,6,4,10
12201098,Watanabe Akari,8,2,10
12473857,map map sahur,4,6,10
12603368,Heratikus,9,1,10
13007028,isca,1,9,10
13010332,Ducknorriss,4,6,10
13015896,blixys,6,4,10
13531879,a bat,6,4,10
14646736,blarpblarp,0,10,10
15202898,merlone,1,9,10
15587166,Pseudonymous,1,9,10
15766964,Kloster,2,8,10
15916259,nishihara,6,4,10
16420404,Wez,7,3,10
16644505,Vojo,6,4,10
18133003,believer_i,2,8,10
18319978,,8,2,10
19245823,startone,4,6,10
22161618,Xavier Carey,7,3,10
22902155,Zabrid,5,5,10
23925029,Kyros_,3,7,10
25731217,jubilea,2,8,10
27725629,ErfaniUs,6,4,10
29873531,maybl,4,6,10
1432,Puffles,9,0,9
2592,Bonesnake,9,0,9
14137,Inozuma,2,7,9
20855,,9,0,9
39129,ShaggoN,4,5,9
45036,rickyboi,6,3,9
111011,Ra-s,1,8,9
161091,Backstep,7,2,9
190114,Melan Blue,2,7,9
223168,wanhyrzh,6,3,9
226433,Mayoi Neko,6,3,9
229595,_Kiva,3,6,9
229654,Bless,2,7,9
250808,brikel,6,3,9
265700,m i z u k i,5,4,9
522188,Naryuga,1,8,9
539873,sherrie__fay,3,6,9
662561,Xinchii,4,5,9
686389,Makar,3,6,9
694267,Zejky,3,6,9
961752,Kayano,4,5,9
968756,Foreverends,1,8,9
976963,Low,4,5,9
1063857,Milkshake,0,9,9
1422149,CakiP,2,7,9
1545563,Anze,6,3,9
1587999,Mira-san,2,7,9
1603809,CircleChu,4,5,9
1686709,Chirony,6,3,9
1713512,,7,2,9
2021118,EmingK,0,9,9
2194763,Antares-,4,5,9
2367616,melloe,1,8,9
2375048,Nimagan,3,6,9
2582058,[Akito],7,2,9
2614511,Axarious,0,9,9
2693954,[ Joey ],3,6,9
3072921,Callionet,0,9,9
3080783,Pappy,7,2,9
3214844,Feiri,3,6,9
3261991,239hachiman,7,2,9
3281474,Nepu,2,7,9
3792472,Woey,4,5,9
4044376,Toyosaki Aki,8,1,9
4312463,shiyzo,8,1,9
4453280,Aiceo,7,2,9
4587526,GalaxyGaming,3,6,9
4791294,Syarika,1,8,9
4796949,aramaking,1,8,9
4811275,Hikaru Rose,1,8,9
4990362,Miura,1,8,9
5178122,Enkrypton,1,8,9
5256529,Nitroz,6,3,9
5306970,Shyotamaze,6,3,9
5894933,Grindle,0,9,9
6050530,Mniam,0,9,9
6224968,ylvy,0,9,9
6737349,Canderos,0,9,9
6867974,Banh Mi Monster,5,4,9
6895187,Suicune3,8,1,9
7094147,_orange,3,6,9
7197903,Hari,3,6,9
7232130,Lv9,2,7,9
7269198,Mildly Accurate,3,6,9
7567228,,4,5,9
7810803,ZinedineZidane,1,8,9
7919025,Akeruyri,3,6,9
8171954,,3,6,9
8172901,DixAway,4,5,9
8207980,puppygirlthighs,6,3,9
8913773,Balto,0,9,9
9228513,big chungus,4,5,9
9928316,Dementation,0,9,9
9979877,-Stocking,6,3,9
10141268,acnozei,0,9,9
10194509,Passionate,2,7,9
10302848,Mayflower,2,7,9
10520912,Teky,4,5,9
10573349,mineralwater1,8,1,9
10922849,,7,2,9
11004271,Toofu,4,5,9
11493596,DirtyDevil,3,6,9
11726139,Bazuso,0,9,9
11843685,hifu,6,3,9
11904298,topXD,5,4,9
12012218,kelinimo,5,4,9
12223206,AkyuC,3,6,9
12235033,Vanchanical,3,6,9
12315824,-Aku,1,8,9
12717815,sho_o,1,8,9
12926684,boifrosty,5,4,9
12941916,Uzawa Reisa,5,4,9
13006596,Narita Top Road,2,7,9
13305560,FRX,1,8,9
13406179,,3,6,9
13859320,UTAU,4,5,9
14013313,ArXe,6,3,9
14263970,edbones,2,7,9
14558132,Stormeon,3,6,9
14689984,Kyumo,1,8,9
14894027,,6,3,9
15246709,WontonSauce,2,7,9
15380300,tor,1,8,9
15428357,Hylein,6,3,9
16130896,Megumin914,5,4,9
16847674,surgis,6,3,9
18649304,MintLeaf,5,4,9
19077461,Shiraya Sayuki,1,8,9
19229141,NcFix,2,7,9
19309181,Indicolite,6,3,9
19357648,Dcs,3,6,9
19607784,Gears,2,7,9
20793704,h6zy,8,1,9
22414293,Luval,2,7,9
22676825,vzlen,2,7,9
23134926,ruvari,3,6,9
26069994,extresque,2,7,9
26071545,el regardo,5,4,9
26679823,paraphobia,3,6,9
30730829,mapping,6,3,9
612,RemmyX25,5,3,8
2296,gyt,6,2,8
6477,Terrapin,8,0,8
7401,wmfchris,8,0,8
11593,ash,8,0,8
27844,cyanberryio,3,5,8
45360,JamesLeao,3,5,8
52071,Kyocciola,3,5,8
84964,termerys,4,4,8
100497,beat4you,7,1,8
158848,LaunchedthousandShip,7,1,8
179133,Aakiha,6,2,8
204736,PSPDS Eddie,5,3,8
278862,TheVileOne,2,6,8
355278,Takos,4,4,8
382840,Chocopikel,7,1,8
425997,IchiGUN,8,0,8
466736,chenwu,0,8,8
579512,biwako,6,2,8
832084,Neta,3,5,8
917786,Asgard,6,2,8
1379385,Wreath,3,5,8
1416484,Aldwych,2,6,8
1435438,,6,2,8
1437117,Zare,5,3,8
1501974,Rukaru,5,3,8
1592447,HanzeR,5,3,8
1759427,felys,2,6,8
1893883,Kaburagi Kotetsu,1,7,8
2003950,Adol Christin,2,6,8
2041350,Kamio Misuzu,4,4,8
2087439,Snaggletooth,5,3,8
2128920,Timorisu,7,1,8
2263329,Qnio,8,0,8
2577376,Xiaolin,5,3,8
2613342,Knotts,2,6,8
2628870,Chaos,2,6,8
2818699,SoGa,3,5,8
2931883,Ascendance,1,7,8
3141886,makisokk,1,7,8
3683794,Zerss,4,4,8
3723742,Pennek,2,6,8
3766224,Kobayakawa Sae,1,7,8
3822808,ekisu,3,5,8
3885609,Ongaku,1,7,8
4071785,Crystar,0,8,8
4197236,Noctiam,2,6,8
4299356,_MiaoFUuU_,5,3,8
4413842,Ma Yuyu,2,6,8
4761930,Spaghetti,6,2,8
4830687,BoshyMan741,2,6,8
4937690,NekuMagetsu,5,3,8
5164289,Inversal,2,6,8
5816501,Hpocks,6,2,8
6196859,Kreign,0,8,8
6333728,Binguo,4,4,8
6488658,Moko,5,3,8
6636154,_Star,3,5,8
6816366,Kauan,0,8,8
7279141,stacker,3,5,8
7357502,Osatia,2,6,8
7448974,Markus-,2,6,8
7557489,Barmy,4,4,8
7723213,Route 174,2,6,8
8202998,Frostium,3,5,8
8396941,Platnuu,8,0,8
8503743,Izzeee,3,5,8
8632922,dorsalplum,3,5,8
8678443,QdotSaveOEE,1,7,8
8937198,araran,3,5,8
8977763,munchow,3,5,8
9010492,Val,6,2,8
9052194,Allegrissimo,4,4,8
9162649,Slyze-,0,8,8
9530021,Itsuuki,4,4,8
9677830,Sakura Blossom,0,8,8
9766000,Jian,5,3,8
9794030,SIyuyuko,2,6,8
10079029,Skidooskei,5,3,8
10507557,antigen,1,7,8
10558466,Shinjuko,3,5,8
10610309,Vitold,3,5,8
11011335,Seonah,0,8,8
11652827,jixxi,5,3,8
11690640,rabbie_,2,6,8
11895909,Yoko,1,7,8
11984937,RafaelXDP,8,0,8
12042090,Morrighan,3,5,8
12325353,Shunaa,5,3,8
12362243,chapter,4,4,8
12732913,zwii,0,8,8
13353410,voco,1,7,8
13524541,OnLoong,0,8,8
13626241,FinnaDie,5,3,8
14004474,Gouuh,1,7,8
14710618,mex1337,6,2,8
14752372,rhine,1,7,8
15148343,LeeGod,4,4,8
15308238,CebollaVladimir,5,3,8
16276548,-White,6,2,8
16307474,8605,3,5,8
16407679,PukPow,7,1,8
16670116,BirbSMB,0,8,8
16755693,Wendy Williams,6,2,8
19821599,perevod,3,5,8
20023665,Bive,5,3,8
20044444,feelthepain,2,6,8
23918601,drainfan,5,3,8
24822482,Emgeul,5,3,8
26131645,pancakes,6,2,8
94,chan,7,0,7
321,Ezzpify,7,0,7
2316,K2J,7,0,7
4537,Kai,7,0,7
26366,Luxary,1,6,7
32856,Wojjan,2,5,7
38836,An64fan,6,1,7
43345,Pasonia,3,4,7
47270,Jeffro,5,2,7
66004,MathiasXII,2,5,7
82793,Cecilia,5,2,7
101399,MoonFragrance,0,7,7
128799,Tonoko,6,1,7
128993,MMzz,4,3,7
148309,,7,0,7
200498,Saten ruiko,5,2,7
298267,y u z u k i,3,4,7
306018,Neptunus,7,0,7
359004,Neethime,2,5,7
409292,Dariano,4,3,7
527469,Shizuroh,1,6,7
556012,Forseen,1,6,7
564790,jamxx,3,4,7
614900,Yumeko Yuki,0,7,7
684730,Xakyrie,0,7,7
727012,Sonico Makaron,6,1,7
808976,Orangeholic,1,6,7
826132,Birdy,5,2,7
895581,-GN,3,4,7
1008962,Lortus,3,4,7
1025207,Betsuto,1,6,7
1063607,ego_17,3,4,7
1101704,Wishkey,7,0,7
1103893,CodeS,7,0,7
1227377,Lunah,0,7,7
1258160,Cygnus,6,1,7
1361697,69653863,4,3,7
1477258,Venyera,4,3,7
1710462,LexiaLovesU,2,5,7
1715876,Zexous,1,6,7
1807125,[Vincent],2,5,7
1927544,ritsu-tanaika,2,5,7
2053450,Konge,3,4,7
2065771,Senko-san,3,4,7
2282098,Ovoui,1,6,7
2499198,Spring Roll,2,5,7
2697284,,6,1,7
2702161,Unsfamiliar,4,3,7
3315647,Wing My Way,1,6,7
3363070,Lully,1,6,7
4121612,Doj,1,6,7
4309134,plsleaf,2,5,7
4625954,xDarxen,2,5,7
4650315,idke,3,4,7
4814169,Decay Limerence,0,7,7
4838429,Sc4v4ng3r,2,5,7
4922476,buki,0,7,7
5306709,Never4Ever,2,5,7
5312654,crewfantasy,5,2,7
5352689,-Arche,3,4,7
5376866,jeanbernard8865,1,6,7
5447609,Demonical,3,4,7
6216057,Hachiko,4,3,7
6221188,Hugo Vlad,5,2,7
6433319,ImMyyrh,1,6,7
6485263,Electoz,3,4,7
6491613,laura-,3,4,7
6754712,Cappu,1,6,7
7262065,Xarr,2,5,7
7321833,mantasu,7,0,7
7420715,ikiretara,4,3,7
7516879,Himekawa,1,6,7
7806753,chicken_10,4,3,7
8266808,ANON TOKYO,2,5,7
8536263,Hytex,2,5,7
8539606,Dustinati,3,4,7
8758104,Stravez0r,4,3,7
9078775,Houtaro,2,5,7
9144869,Zeroxlia,1,6,7
9392548,Lavila,0,7,7
9598254,Rensia,4,3,7
9648246,delusional,2,5,7
9700716,cosmic,3,4,7
9948665,vyper,2,5,7
10234218,Chai the Tea,1,6,7
10301398,IntegerTempest,4,3,7
10369295,Not DT Farmer,2,5,7
10415491,Amasugi,4,3,7
10489063,- Rem -,3,4,7
10630389,Fish Rose,2,5,7
10816653,-Kirigiri,4,3,7
11299666,,2,5,7
11305115,TheBushy,2,5,7
11422420,bielsuu,2,5,7
11529050,Sweet Tea,0,7,7
11695793,Slyme,5,2,7
11775933,Sagon,4,3,7
11825206,Mosebye,5,2,7
12118295,TaChuCo,3,4,7
12157153,Tanzeem,3,4,7
12228085,477,5,2,7
12844572,Red Velvet,2,5,7
12983662,yeastiest,2,5,7
13201170,swerize,1,6,7
13269506,SourMongoose,4,3,7
13292488,IllusionB,4,3,7
13573472,Fazy,3,4,7
13709605,Suzumiya,2,5,7
13733804,1066,1,6,7
13736991,Singularius,7,0,7
13777059,Emiru Ikuno 11,4,3,7
13877324,The Honeysticks,3,4,7
15381937,indonesian btmc,0,7,7
15487855,ellae,5,2,7
15599273,LighScrap,0,7,7
16219092,foss,5,2,7
16368250,ADoorNob,5,2,7
17038784,Scorf,1,6,7
17707250,,4,3,7
18396731,solsken,0,7,7
18425405,Kyshi,7,0,7
18767114,Neo Universe,2,5,7
20159223,-Cronik,2,5,7
20644852,[Jameson],1,6,7
21574224,Weeder,1,6,7
23551219,LuxLite,1,6,7
24729829,RinRin,4,3,7
25353372,Agllius,3,4,7
25569111,13ADGE,7,0,7
25780921,o_-,6,1,7
2233,Cecilthemos,6,0,6
7900,Dranoel,6,0,6
9415,Kasada,4,2,6
16040,proseyu,2,4,6
19173,himydanny,4,2,6
33646,AgentSieg,6,0,6
36189,Yumiko,4,2,6
38763,Senbon,3,3,6
44763,Alice,6,0,6
73480,Hanyuu,3,3,6
74505,Ichigo-Sora,3,3,6
80594,Yuji Tokaji,5,1,6
85235,thepianist,5,1,6
99748,vincerio,4,2,6
113027,TKiller,5,1,6
123703,p3n,2,4,6
127014,Shinkuu,5,1,6
127949,Echona,5,1,6
145557,Nekomiya Nono,6,0,6
150978,AdRon Zh3Ro,6,0,6
179449,Powerdrone,2,4,6
190088,Mastodonio,6,0,6
227717,rustbell,1,5,6
227881,poisonchan,4,2,6
232898,ziin,3,3,6
232942,Reisen Udongein,3,3,6
262824,_lolipop,3,3,6
273649,MoonShade,2,4,6
288337,Nagae-Iku,0,6,6
393318,wowshakhov,3,3,6
412787,haha5957,5,1,6
489103,-Lennox-,5,1,6
529465,suraimu_su_,0,6,6
576368,h-728,2,4,6
580925,BluOxy,1,5,6
605540,NewRulerNA,5,1,6
661420,shikyu,2,4,6
735751,,6,0,6
870584,Mirage,4,2,6
1035016,Natsuki Nanaka,3,3,6
1090377,-Baby Strawberry-,3,3,6
1380956,Pandiar,4,2,6
1410580,SolarFox,2,4,6
1428455,Deramok,2,4,6
1617206,Tsumetaku,4,2,6
1746675,Leiwa,5,1,6
1770367,AtHeoN,4,2,6
1841032,jyu,2,4,6
1870602,CET 6,6,0,6
1891192,Sylith,2,4,6
1921587,Jemmmmy,4,2,6
2127359,Akali,2,4,6
2254666,,4,2,6
2320429,Hysteria,6,0,6
2440936,,5,1,6
2491302,,1,5,6
2696453,Nines,1,5,6
2859670,Lari,1,5,6
2987139,Liuth,0,6,6
3054130,procq,1,5,6
3251860,,4,2,6
3256600,Xenok,2,4,6
3375004,Hyasalia,3,3,6
3502611,StargazorXz,3,3,6
3620963,liaoxingyao,1,5,6
3649657,Xayler,3,3,6
3737694,diraimur,3,3,6
3821842,Mitsuna-,1,5,6
3823413,Yoshimaro,3,3,6
3827077,nhlx,2,4,6
3959601,Bathory Witch,3,3,6
4018820,Iolite,0,6,6
4349246,apoq,1,5,6
4370368,Kashima,2,4,6
4398234,Xelasto,4,2,6
4415076,sammish,2,4,6
4436687,David-,2,4,6
4581039,Ayana Hana,2,4,6
4607719,-M4x,2,4,6
4637369,Petit,2,4,6
4689083,Monarch,2,4,6
4707331,Miriko,0,6,6
5087744,Meteo L-Drago,3,3,6
5171995,Ora,4,2,6
5262493,Wormi,2,4,6
5421860,MikasaSerket,0,6,6
5490937,Pandize,4,2,6
5618109,Edward,0,6,6
5780125,Aihuro,2,4,6
5843473,Kyoshiro,5,1,6
6066359,_Yiiiii,3,3,6
6155320,KomachiBaka,5,1,6
6181859,,5,1,6
6678436,[Kurose Riku],2,4,6
6812076,Rabbitt,3,3,6
6842421,xbopost,3,3,6
6928574,Stick2Glue,2,4,6
7010761,Kingling,5,1,6
7024544,MrKosiej,5,1,6
7364902,Voiga,3,3,6
7813296,rektygon,3,3,6
7882675,lazygirl,2,4,6
8022517,knowledgeking,2,4,6
8436185,Doesnt matter,2,4,6
8499301,matiwii,2,4,6
8777786,Jun Maeda,1,5,6
8894835,Fix,2,4,6
8945180,molneya,0,6,6
9244368,IWEJ,3,3,6
9265009,kazu2411,2,4,6
9331411,arkisol,2,4,6
9345552,Shidoni,2,4,6
9655150,Seiioh,3,3,6
10004804,Chitanda Eru,3,3,6
10396674,Hisae,2,4,6
10903500,Bluenation,3,3,6
11354569,brain exe,1,5,6
11462830,inslider,1,5,6
11778091,SkyInTheFifteen,1,5,6
11909166,Nina Kosaka,2,4,6
11949191,Aphestra,0,6,6
12167446,Ascens,3,3,6
12437546,le pauvre bil,6,0,6
12474487,Akhaten,1,5,6
12577911,Zer0-G,1,5,6
12626424,Creepattack,4,2,6
12781767,Tristan,2,4,6
12803843,Amia,6,0,6
12980773,FilyushaKrolina,3,3,6
13065919,R1cho,1,5,6
13463273,thomxs,3,3,6
13673790,Nagaraia,0,6,6
13854489,skro,5,1,6
13924533,iLyne,5,1,6
14102976,Hivie,4,2,6
14273607,Suarin,1,5,6
14402013,Shucklings,0,6,6
14977332,CENSOLED,0,6,6
15105414,EmbracE,2,4,6
15111904,sheluvlando_3,2,4,6
15429006,palr,2,4,6
15529550,careIess,0,6,6
15599890,Tissousle,1,5,6
15632854,binarie,3,3,6
15924868,Flymetothemoon,4,2,6
15981273,Asphiee,4,2,6
16081750,Robinia,0,6,6
16158336,whl,3,3,6
16169187,RjSteezZ,4,2,6
16338779,gay women kiss,2,4,6
16516525,oatmilk,1,5,6
16602100,virt-,3,3,6
16965688,YesLifer,4,2,6
17020051,R3aCt10n,5,1,6
17174971,shuzei,2,4,6
17348260,awouss,1,5,6
17363207,v0ltia,2,4,6
17415683,Undead Alice,2,4,6
17796654,SotoWH,4,2,6
18331339,Ethica,0,6,6
18530383,JonJon,0,6,6
18688946,Snowflake,3,3,6
19368737,Magitska,1,5,6
20340480,Shameimaru,1,5,6
20930368,Nlxus,3,3,6
21321762,toumin,2,4,6
21512047,espii,4,2,6
21820389,doryoK,3,3,6
21833845,Gatinka,0,6,6
23728525,gay girl,2,4,6
23916950,Aiman Joe,2,4,6
24518245,fubuki,0,6,6
27002388,cashii,1,5,6
27397033,Yeesussy,2,4,6
28688555,Dimitrov6907,4,2,6
28738744,THAT_blazord,4,2,6
29164007,Maihama Alice,5,1,6
29169624,Takusa_,3,3,6
29625939,Cestorie,4,2,6
33455007,Noob_Oni,2,4,6
34643277,EIKIMUA,3,3,6
36548415,Posaquet,0,6,6
2237,Egg1991,5,0,5
4271,eirrol,5,0,5
6529,YoshiKart,4,1,5
9199,Remco32,4,1,5
14583,luke0719,5,0,5
15038,Silvuh,4,1,5
15064,Utena,4,1,5
16944,Henkie,1,4,5
16989,Guu,2,3,5
17446,sesito71,3,2,5
17470,EVA-X,2,3,5
19404,Weinmagier,4,1,5
20680,DeeN,0,5,5
22343,antony11,5,0,5
29144,Kamushi,4,1,5
57529,jameskong1,0,5,5
58710,H1ko,1,4,5
62858,,5,0,5
63401,Kerensa,3,2,5
90775,Mei_coN,1,4,5
92300,Asutarotto,3,2,5
93319,sohuhard,1,4,5
99284,Kotomi-chan,3,2,5
102335,Ephemeral,4,1,5
109282,Thunderstorm,2,3,5
112088,Sleepman,1,4,5
122231,kodomonoyume,4,1,5
133618,jockeytiyan,1,4,5
163639,manten,2,3,5
183201,Sumeragi Amane,3,2,5
209664,fabriciorby,3,2,5
216195,nante,5,0,5
216909,Vergence,2,3,5
317177,nimi,4,1,5
318565,Deif,4,1,5
342372,Takuya,4,1,5
348714,jossieP,2,3,5
355152,fumis,0,5,5
362851,Hyguys,1,4,5
379423,mochi,5,0,5
396542,Sharp,2,3,5
405008,eikkaleyd,2,3,5
426495,hackSL,2,3,5
494970,ShadowSoul,4,1,5
501221,Mura_77,1,4,5
507282,N E K O,1,4,5
604131,wantuole,2,3,5
626873,DingGGu,3,2,5
645486,[Yue],3,2,5
707980,Akemi_Homura,3,2,5
870522,Maya-kira,1,4,5
874891,gxytcgxytc,2,3,5
891115,Kanari,1,4,5
939316,FlobuFlobs,3,2,5
955143,,4,1,5
969161,SuperMIC,2,3,5
1074710,El SolarBeam,2,3,5
1123082,Rotte,3,2,5
1215910,Tur00,4,1,5
1393255,Rose Pacifica,1,4,5
1474421,Lucyii,4,1,5
1881639,Chromoxx,4,1,5
1893035,,5,0,5
1933816,-Rmdy,1,4,5
1941130,,4,1,5
2012039,nautzz,0,5,5
2089693,sammy711,0,5,5
2101950,Totoro,0,5,5
2241058,Hula,2,3,5
2244234,Tsumia,0,5,5
2420987,Julie,2,3,5
2456629,Spring,0,5,5
2472609,Imokora,0,5,5
2511839,NeliNyan,2,3,5
2623222,,1,4,5
2785549,Keada,4,1,5
2787415,MrPotato,3,2,5
2938964,burabe,3,2,5
2946715,My Angel Rize,4,1,5
3371857,MoeAsuka,0,5,5
3453558,Roberto,1,4,5
3537738,Moo-Chan,2,3,5
3678561,paranoic,4,1,5
3688076,Em0nky,2,3,5
3812234,0ugi,3,2,5
3821342,,5,0,5
3872615,orza6006,0,5,5
3929650,b00,2,3,5
4404784,Shiguma,3,2,5
4430948,Jean-Michel Jr,2,3,5
4433793,EphemeralFetish,4,1,5
4502522,Cranky The Five,4,1,5
4738846,Ashasaki,2,3,5
4882979,Dereban,2,3,5
4887938,thexo,1,4,5
4890690,ZevinLevin,0,5,5
4901066,4901066,4,1,5
5122187,Fu3ya_,1,4,5
5241661,zj0924,1,4,5
5297826,Astarte,2,3,5
5404081,Kergio,0,5,5
5431196,Nokashi,1,4,5
5589933,awesomemacD,2,3,5
5720389,Fallmorph,0,5,5
5727435,Zuga,3,2,5
5937253,StaroaX,2,3,5
6084669,Caspar,1,4,5
6137858,GLORYHAMMER,1,4,5
6139051,Narkvar,1,4,5
6263426,Shiratori,1,4,5
6291386,Tactic,0,5,5
6341006,Verso Dessendre,3,2,5
6715645,Digitalfear117,1,4,5
7075821,Sphaela,1,4,5
7121588,LeQuack,3,2,5
7204748,NotEnough,3,2,5
7306763,LowAccuracySS,0,5,5
7611178,coughing baby,2,3,5
7625535,Kingo,3,2,5
7641573,zoli,2,3,5
7910282,ddm,1,4,5
7949760,Angelina,1,4,5
8085312,shardex,1,4,5
8183049,UrQty2,2,3,5
8337056,LosPedros,0,5,5
8523926,,3,2,5
8855704,SinHay,4,1,5
9126943,Twiggykun,3,2,5
9527903,tellmico,2,3,5
9761752,Hidden me,1,4,5
9876301,-Sophia,2,3,5
9902253,chenLia,2,3,5
10133455,Basherman,1,4,5
10376046,2wei,5,0,5
10510791,Chanci,4,1,5
10526814,Luminiscental,3,2,5
10553003,Pieseu,1,4,5
10747096,for,1,4,5
10818171,DH02,1,4,5
10854824,-Eternal-,1,4,5
10938185,Jeff Fuchsional,2,3,5
10994474,plork,3,2,5
11040072,Den59,3,2,5
11055678,jazzberry,1,4,5
11081858,GIGACHAD,0,5,5
11141924,s0m3guy,1,4,5
11411167,TheNeg,1,4,5
11418669,14106Yuuna,3,2,5
11554800,Randomness64,3,2,5
11574343,Chiru-kun,2,3,5
11606403,fusionnqn,2,3,5
11756041,,4,1,5
11880689,,0,5,5
11939459,Jelljel,2,3,5
12036198,Yuuki Noa,2,3,5
12339533,chido,2,3,5
12566505,Yurino Ayumi,3,2,5
12678405,FlyzyStyle,0,5,5
12751518,shiritani,3,2,5
12783631,sisig,4,1,5
13009214,Severon,3,2,5
13099067,big black dt,3,2,5
13300203,yary,0,5,5
13366041,-Kayk-,1,4,5
13797795,Zerephiehell,2,3,5
14596595,61mgb,3,2,5
14817468,stllok,0,5,5
14917517,suzuhiro77,0,5,5
15195453,[Sigewinne],2,3,5
15289326,,4,1,5
15422278,JHC_,1,4,5
15646924,wjddjs,4,1,5
15844888,Libraxgod,4,1,5
15851670,Searchlight,0,5,5
16121913,Zenoc,1,4,5
16383276,Monarque,1,4,5
16393741,,0,5,5
16527257,Puribi,3,2,5
17387300,songpyeon,3,2,5
17522180,O_Resona,0,5,5
17697010,Wisdom Weir,1,4,5
17783855,Cibed,2,3,5
18188219,im even,2,3,5
18220734,apolouu,2,3,5
18480245,EpicDisaster,3,2,5
19034237,crawdadd,2,3,5
19367494,Lunequin,0,5,5
20168712,Asiansoul,3,2,5
21225266,me2u,1,4,5
22774790,Suha2701,3,2,5
23483074,juliet,1,4,5
23964758,smolship,4,1,5
24882366,tears_,2,3,5
25198721,Cityyy,2,3,5
25397797,dclily,0,5,5
25476060,VertiX_,0,5,5
26981608,ayskomi,0,5,5
27830521,ItzShadowCraft,2,3,5
27919238,94Neko,2,3,5
34901242,turuuru,2,3,5
36041915,Sapl,1,4,5
36253448,kaellty,1,4,5
141,,4,0,4
677,FFFanatic,4,0,4
946,GuardianHX,4,0,4
2859,Impossible_old,4,0,4
4934,mattyu007,4,0,4
4970,Neo@lex,4,0,4
5220,flyboy87,3,1,4
6057,P-Drogan,4,0,4
7332,LimeGreenTeknii,4,0,4
8358,adam2046,3,1,4
10190,Sousei,0,4,4
10441,Dakeyrus,4,0,4
36556,Zodiark1020,2,2,4
42579,Malar,1,3,4
44826,Lef,2,2,4
45259,Nerv_Mario,2,2,4
45513,Guzzzzm4n,3,1,4
57046,Ryuukun,3,1,4
60604,theowest,1,3,4
62856,CrazyBanana,4,0,4
66014,Scar,1,3,4
67953,Aoitenshi,2,2,4
71366,Loctav,3,1,4
72139,kaouji,0,4,4
74017,GbL,2,2,4
80937,beatmastermap,4,0,4
81939,illuminist,2,2,4
85468,Encrypto,2,2,4
88588,Sagisawa-Yukari,3,1,4
98758,PandaCath,3,1,4
98768,Vibty99,1,3,4
98985,DarkDunskin,3,1,4
99782,Chacha17,2,2,4
117369,rust45,4,0,4
120919,Joon,3,1,4
126664,indyinyou,4,0,4
126927,Dragvon,1,3,4
155440,Kamure,0,4,4
160442,Hitomi May,4,0,4
179314,-Xero-,2,2,4
187858,EvianBubble,4,0,4
191499,Apriy,1,3,4
201785,Kurosanyan,2,2,4
205257,Fraolinch,0,4,4
207971,Mint Bunny,0,4,4
230432,Darcsol,4,0,4
231631,100pa-,1,3,4
252936,xinhe,4,0,4
260011,,4,0,4
260933,Kurokami,1,3,4
261621,Athena Tennos,3,1,4
261694,BinJip,2,2,4
262482,kiririn_,3,1,4
265797,AssWeirenCan,4,0,4
275246,Noob Man,1,3,4
291696,iMuffin,2,2,4
304513,CSY the corrupt,3,1,4
338250,Gravified,3,1,4
346348,Rein,2,2,4
365280,R a i n,1,3,4
369956,AndreasHD,3,1,4
373918,Kuma-san,3,1,4
397833,Meiri,0,4,4
398760,Raging Bull,3,1,4
444223,UnderminE,2,2,4
465153,OzzyOzrock,1,3,4
478023,Haya,3,1,4
567285,1PSA,1,3,4
645109,Mikan,2,2,4
666051,x847606653,3,1,4
697649,C R E A M,4,0,4
698085,C O I N,0,4,4
699337,,3,1,4
806921,Sync,1,3,4
826170,Fionana,3,1,4
827200,,4,0,4
845733,Faputa,2,2,4
852705,AIR315,4,0,4
867172,,1,3,4
941094,MillhioreF,0,4,4
983415,suzutsukikanade,0,4,4
1041833,Roxas,2,2,4
1074928,zaczac,3,1,4
1110548,-HaRuNa-,4,0,4
1142692,GugUCorn,3,1,4
1148830,raririn,2,2,4
1161361,,4,0,4
1225588,TrigonometrY,3,1,4
1367674,wmtokok,2,2,4
1468261,,4,0,4
1603608,keeeeeeko,3,1,4
1722835,elchxyrlia,0,4,4
1834516,Mythiax,1,3,4
1965066,Selisi,2,2,4
2010665,S-bread,0,4,4
2047666,tomhet65,3,1,4
2175201,Phos-,4,0,4
2260598,Nickelony,3,1,4
2353313,Sangzin,1,3,4
2382311,_AI,0,4,4
2384296,A s h e m u,1,3,4
2404120,Hard,4,0,4
2445897,Settia,0,4,4
2503874,karta3078067,0,4,4
2594097,Zectro,2,2,4
2704748,LGV894,0,4,4
2743764,0109-,3,1,4
2845904,dectopia,0,4,4
2907231,Asonate,3,1,4
2919725,Mazziv,2,2,4
2964029,Spkz,1,3,4
3111087,Asserin,2,2,4
3169675,Warpyc,0,4,4
3456804,Swell,0,4,4
3660254,G11K,0,4,4
3696423,Flezlin,1,3,4
3712848,DoAcre,1,3,4
3730848,mx10000,0,4,4
3800920,Lethargy,3,1,4
4060979,Kotori-Chan,2,2,4
4119110,SyraxAxoJaxco,3,1,4
4162273,DahplA,0,4,4
4180036,revurii,1,3,4
4203719,NeroXx,1,3,4
4259366,Evanescent-,0,4,4
4332807,Aro,0,4,4
4530738,zeliaR,1,3,4
4547551,fowwo,1,3,4
4574165,hi-mei,4,0,4
4613388,Selithrarion,3,1,4
4697757,Troponoop,4,0,4
4732455,Nuolong,2,2,4
4756779,Danik_LzZ,1,3,4
5219516,Ameth Rianno,0,4,4
5334250,6th,1,3,4
5344511,Reidan3D,0,4,4
5383942,LowGraphics,1,3,4
5413027,23456789,3,1,4
5522589,Gored,1,3,4
5591315,CaffeAmericano,2,2,4
5880949,Ferdeza,2,2,4
6061922,Yume Minami,0,4,4
6136172,-Aerith-,4,0,4
6168393,Mechanizen,3,1,4
6191653,Hollow Delta,2,2,4
6291741,BlackBN,1,3,4
6341977,kasuwa,2,2,4
6377897,Perseus,3,1,4
6484243,snowin,2,2,4
6569959,Himitsu,1,3,4
6639059,P4ndemonium,0,4,4
6774994,iren,4,0,4
6783419,missa1912,1,3,4
6894067,Crowie,0,4,4
6961543,Yuri Enjoyer,1,3,4
7010859,,1,3,4
7075211,tekkito,0,4,4
7088349,Kondou-Shinichi,1,3,4
7131099,radar,0,4,4
7273455,- Neon -,3,1,4
7393632,embr,1,3,4
7460805,kalu,1,3,4
7476493,Kurashina Asuka,1,3,4
7566849,Arutsuki,2,2,4
7635646,Chisa-,1,3,4
7725544,Wuab,3,1,4
7845286,NemoDoko,2,2,4
7892873,Misery,0,4,4
8062785,Mulciber,2,2,4
8139989,kundi,1,3,4
8343308,MarcoBrolo,0,4,4
8422432,Rhonen,1,3,4
8469647,Uber,1,3,4
8547527,Dreamy,2,2,4
8657379,colicen,0,4,4
8816844,omphen,0,4,4
9099735,silverin0,2,2,4
9224078,FlyingTuna,0,4,4
9285180,Mr Business,3,1,4
9471638,Rorupan L9,0,4,4
9601687,Akebana Yukio,2,2,4
9623962,Ems,1,3,4
9748438,Mithia,2,2,4
9927734,-theo,3,1,4
10235769,BrokenShine,0,4,4
10345531,Boden,3,1,4
10355002,lKepler,2,2,4
10379135,Dudamesh,3,1,4
10400593,TangoZMango,2,2,4
10414232,,2,2,4
10466730,Akaeboshi,1,3,4
10612310,- ShiroKuma -,1,3,4
10617530,Akayume,1,3,4
10706998,vita2,2,2,4
10801545,Ekrem Imamoglu,0,4,4
10834146,Jasmiinee,0,4,4
10959366,Himada,0,4,4
11061359,beethow,1,3,4
11086032,FerRMZ,2,2,4
11106442,Vermasium,4,0,4
11343682,Jasper Moglot,2,2,4
11547643,pawb,0,4,4
11758404,Belladonna,1,3,4
12046612,Azrulk,0,4,4
12212214,1 miss,1,3,4
12235272,Azrealy,1,3,4
12243368,VenerableNyanta,4,0,4
12305290,Oakenfold-,3,1,4
12355977,Stario,1,3,4
12511572,Grissaryath,1,3,4
12565402,meiqth,0,4,4
12643881,Xunni,1,3,4
12656032,Marux,1,3,4
12679616,,3,1,4
12744997,Quakey,3,1,4
12857766,Jaylen,2,2,4
13235823,Aleksine,1,3,4
13244155,[Hansu],2,2,4
13266615,Eisbahn,1,3,4
13364737,Shykes,0,4,4
13617153,WhiteCookies,1,3,4
13644113,- Solar -,2,2,4
13681283,HEAVENLY MOON,2,2,4
13806900,Doug,1,3,4
13836963,iZolo,2,2,4
13882281,Fukari-tan,0,4,4
13946454,LiSAKOU,3,1,4
14140597,Jiezi,2,2,4
14290988,Banner,1,3,4
14358605,Zey,2,2,4
14509479,Cofffelo,2,2,4
14806365,chests,0,4,4
14937109,[[[[[[,0,4,4
15181470,Aeter,2,2,4
15415813,Janeru,0,4,4
15423082,[ VII ],4,0,4
16039064,nnull-,2,2,4
16229069,Mystiarch,1,3,4
16263903,-Quest,3,1,4
16359841,floppaosu,3,1,4
16731028,nezupoco,1,3,4
16802633,-database-,3,1,4
17367989,Shibuya Kanon,2,2,4
17592067,bad faith,2,2,4
17975283,Sakagami Tomoyo,1,3,4
18128385,v0x,1,3,4
18173280,SiIvaGunner,1,3,4
18577039,LandoriK,1,3,4
19140906,Ribet,1,3,4
19852313,arminfromhell,3,1,4
19950570,EnderCraft,1,3,4
19978248,Mangie_,1,3,4
20645079,serodose,2,2,4
20653857,Phrolova,0,4,4
22172595,hirothefemboy,1,3,4
22356454,deadnya,3,1,4
22617279,z14a,1,3,4
23017566,Aureole,3,1,4
24262346,[CamomileRc],1,3,4
25292251,MrFoo05,3,1,4
27921376,Mayoi Shigure,1,3,4
28581798,ItzSanxi,3,1,4
29518158,Arial,1,3,4
30409296,Sayame,2,2,4
30486961,Kiwahara,1,3,4
35983951,Flaskury,2,2,4
37026215,elicj01,0,4,4
59,Lumino,3,0,3
61,tsububu,3,0,3
72,Fruit_old,3,0,3
352,JacoPOP,3,0,3
555,Extor,3,0,3
682,Detective Tuesday,3,0,3
819,Loginer,3,0,3
1332,Aliento,3,0,3
1728,Headbang,3,0,3
2527,advancechao,3,0,3
2560,hadoken_zero,3,0,3
2583,Fox,3,0,3
2778,Zyid,3,0,3
3736,wiicademan,3,0,3
5096,Enok Walker,3,0,3
5940,MetalSonic3,3,0,3
8012,Pokebis,2,1,3
9610,niedz,1,2,3
10641,Miu Matsuoka,1,2,3
11738,BluePaladin25,3,0,3
14053,tobebuta,2,1,3
16977,Donjo,2,1,3
32067,FurukawaPan,2,1,3
35341,fufe,3,0,3
37964,CheZDa,2,1,3
39658,Mianki,1,2,3
41568,nullPointLOL,1,2,3
41761,,3,0,3
41872,XepherX3,1,2,3
43383,Eddycted,2,1,3
47458,digiaria,3,0,3
49579,Jesss,2,1,3
52832,v0xtrot,2,1,3
54716,nazenaze,3,0,3
58793,Aqua,1,2,3
79616,Leeg,3,0,3
91341,Derekku,1,2,3
94258,zerosyn,3,0,3
100037,Kitsunemimi,3,0,3
101521,vivere,1,2,3
110904,Mr Gaddy,3,0,3
117661,kuyukiP,0,3,3
118446,alan_629_6,2,1,3
118766,Luneko,2,1,3
124493,chocomint,0,3,3
132966,xBubu,2,1,3
154772,ShanaTan,0,3,3
157400,Tanmak,3,0,3
158989,ayey,2,1,3
190213,Emdyion,0,3,3
195335,dlguiga,3,0,3
198394,quo,1,2,3
198779,scarlethana,2,1,3
214933,owl13,2,1,3
244499,TW-KUMA01,0,3,3
286740,Koalazy,2,1,3
294856,eg91022a71w,1,2,3
314318,Dai,2,1,3
317802,[Shalon],3,0,3
320098,Shiki,1,2,3
337485,rs_fadeaway,2,1,3
345422,Hakeru,1,2,3
352616,Pastel,1,2,3
352967,Ch1ka,2,1,3
367741,FireballFlame,3,0,3
372256,ArzatoRx,1,2,3
375143,KinomiCandy,0,3,3
383807,Alternative,1,2,3
445397,Okamiroy,0,3,3
446548,Zorlok_,2,1,3
453928,Misja,2,1,3
460431,Lightgazer,2,1,3
467487,Love,2,1,3
481582,Yuzeyun,2,1,3
495733,Wisakedjak,3,0,3
501851,theMikeAG,2,1,3
555855,787B,3,0,3
570715,Kirino Kousaka,2,1,3
589550,Mercurius,1,2,3
594210,Osu Tatakae Ouendan,1,2,3
608261,phoon,2,1,3
623236,DexFrild,2,1,3
624345,Jupiter,2,1,3
641823,athiota33,2,1,3
675110,,3,0,3
691222,bomber34,1,2,3
711664,Black Sheep,0,3,3
751642,-Hyde,2,1,3
814328,Famous,1,2,3
858416,meetmeetdee,1,2,3
887358,Ranger,3,0,3
903686,Tshemmp,2,1,3
962519,Kaeldori,2,1,3
1068829,Mikayla,3,0,3
1070575,Teru21,1,2,3
1124144,phaZ,1,2,3
1145984,Alumetorz,2,1,3
1163205,ffstar,0,3,3
1185254,Fiya,0,3,3
1301685,Loooctav,2,1,3
1375520,Sister Jude,3,0,3
1396361,Rei24,0,3,3
1407516,-N a n a k o-,1,2,3
1433656,rinsukir,2,1,3
1482115,CSAQ,1,2,3
1515238,Distant years,0,3,3
1583218,MinG3012,0,3,3
1594729,Harubi Lira,0,3,3
1666355,Damnjelly,2,1,3
1780106,wanjia,3,0,3
1867887,Cancel,2,1,3
1964251,[Twinkle],3,0,3
2075211,Gear,1,2,3
2083612,Vhy,2,1,3
2094566,FGSky,0,3,3
2095976,Pawlyk here,1,2,3
2100434,Santtu,2,1,3
2108620,Lach,2,1,3
2217336,Heanday,1,2,3
2228245,ZcortezZ,2,1,3
2413420,Cyllinus,3,0,3
2589298,diponski,2,1,3
2601947,MokouSmoke,2,1,3
2642484,,2,1,3
2705769,Shapy,0,3,3
2774767,tasuke912,3,0,3
2813864,Girl,3,0,3
2865291,Saya-Honmei,0,3,3
2870128,BrosephStalin,0,3,3
3048059,Neil Watts,3,0,3
3275495,Liyuchi,0,3,3
3370223,Lize,1,2,3
3372459,dqs01733,0,3,3
3394312,-Kazuto,0,3,3
3408126,Nyxa,1,2,3
3588466,Dirdam,0,3,3
3597118,NVAN,1,2,3
3610797,Dark Flame,0,3,3
3627182,Tenseki,2,1,3
3683084,pandorawindy,3,0,3
3793769,Prophecy,2,1,3
3905740,siga,1,2,3
3983106,flying lotus,1,2,3
4118962,bbu,3,0,3
4150829,Arbane,1,2,3
4322894,Arusamour,0,3,3
4382562,lexa on osu,2,1,3
4481526,CrazyrabbitKGE,0,3,3
4624788,-Rik-,2,1,3
4773855,Maffe,2,1,3
4799788,vrnl,3,0,3
4879508,JBHyperion,3,0,3
4890346,Otter Hatsune,3,0,3
4909088,Will Stetson,2,1,3
5098468,gambatte,0,3,3
5254363,Atomosphere,0,3,3
5286409,yumichi,0,3,3
5420611,Rave-up,2,1,3
5682273,AsakuraNe,2,1,3
5851253,Lyawi,1,2,3
5935907,EMT,1,2,3
6038918,Jimmffy,3,0,3
6063342,Lotragon,1,2,3
6068934,Jabba,3,0,3
6192633,Manu028,3,0,3
6214002,PEALEERD_TAK,1,2,3
6404824,Shoenen,2,1,3
6584266,MaddaFakka-sama,3,0,3
6590690,sprei,3,0,3
6591339,Alexandrine,1,2,3
6599570,DivineEnigma,1,2,3
6622567,NyarkoO,3,0,3
6771500,depzdai,0,3,3
6772887,Akane Hime,2,1,3
6894425,Jeezyh,0,3,3
6902361,Typ4,0,3,3
6942259,Rebo,1,2,3
6955523,Terton,0,3,3
7005392,lestapekka67,0,3,3
7005780,Metaku,1,2,3
7031074,Roni,2,1,3
7130064,jelly_master,0,3,3
7184934,capnjazzy,0,3,3
7371161,N0thingSpecial,1,2,3
7379339,KappaPraise,3,0,3
7562902,mrekk,2,1,3
7731111,DuckRadio,2,1,3
7761710,Blood8,3,0,3
7802027,Skill,1,2,3
7815424,TmacBoris,1,2,3
7947034,Leksichka,1,2,3
8038812,Penguiness,1,2,3
8187340,toadnica,1,2,3
8319414,Napoli,2,1,3
8332321,-Smine-,0,3,3
8355351,ShinodaYuu,1,2,3
8430550,Byakuya,0,3,3
8511289,Antuoniz,1,2,3
8556291,Ogura Yui,1,2,3
8845986,JrSzZ,2,1,3
8877531,TV Size Player,3,0,3
8919422,sanzu,1,2,3
8926853,bao,1,2,3
9088637,fireblaze3028,1,2,3
9314703,reicavera,1,2,3
9398750,elyssa,3,0,3
9673192,Declan,1,2,3
9714032,Hamano,3,0,3
9730925,Euryalle,1,2,3
9773302,Confusianism,0,3,3
9778431,Mori Summer,3,0,3
9882649,Manquito,1,2,3
10021819,Minion24,0,3,3
10339711,MovingDuck,2,1,3
10453820,Rison,3,0,3
10466315,Serenhaide,1,2,3
10616849,ImWater,2,1,3
10629759,Shinx,1,2,3
10748373,afterpiece,0,3,3
10748381,sladkoru,3,0,3
10890997,AMieur,0,3,3
10897656,LuchiBuchi,0,3,3
10928600,Liszt,2,1,3
10968513,Nagatoro,0,3,3
10969666,Hu Tao,1,2,3
10970328,sakuu,2,1,3
11056763,Zhuosh,1,2,3
11118735,robinn,2,1,3
11119010,lizzzil,0,3,3
11195133,Jake Boii,1,2,3
11271148,Rein_Liya,0,3,3
11278761,saido39,2,1,3
11308778,Vector,1,2,3
11320738,BladeN,1,2,3
11406548,marina,2,1,3
11420887,,1,2,3
11480447,,3,0,3
11652922,Lylaera,3,0,3
11746150,penfifteen,1,2,3
11865173,Sersh4nt,2,1,3
11959709,CallMeRed,1,2,3
12006447,MANi,3,0,3
12101917,zadknus,1,2,3
12305303,_koi_,0,3,3
12518076,Azuelle,2,1,3
12546568,Withdrown,3,0,3
12749779,[Lily_White],0,3,3
12785594,MoistSlurp,0,3,3
12833739,freestyler,3,0,3
12956073,-paper,0,3,3
13158041,AlexYoshi,2,1,3
13181574,phyr,1,2,3
13298162,Marshes,2,1,3
13426286,twink boyfriend,3,0,3
13506749,yedinstvennyy,0,3,3
13545401,Nice Nature,0,3,3
13575608,herestotheroc,1,2,3
13623493,New-USERNAME,0,3,3
13757984,Ccori,2,1,3
13837396,RealDeathmatch,0,3,3
13894938,- Lenkon,0,3,3
15085408,opus123,0,3,3
15092086,PokaTetris,0,3,3
15409186,A04,3,0,3
15537476,k4rnu1,1,2,3
15568608,UniUniverse,2,1,3
15572878,yosyo,1,2,3
15763260,Emilyumu,1,2,3
15789449,Yoanie,0,3,3
15846514,Solid-,2,1,3
15960090,marty916,0,3,3
16061365,YEYHA,1,2,3
16283148,Rittoru,1,2,3
16444345,vinal2,1,2,3
16520215,shrake,1,2,3
16729211,,0,3,3
16818096,Evangelion_guy,0,3,3
16823917,vouillet,1,2,3
16845442,Lucho,0,3,3
16934150,Mouse_,3,0,3
17060884,q[-v-]p,2,1,3
17064371,-Spring Night-,0,3,3
17108836,Gaminator III,0,3,3
17361895,-Sabao-,1,2,3
17808959,Pasi_,2,1,3
17936201,elvin,0,3,3
18368586,Doro,3,0,3
18567386,KixoKixo,1,2,3
18765111,hashgulso,1,2,3
19135423,- Koshiin -,1,2,3
19146698,teaminhtg,1,2,3
19215908,Lord Megatron,1,2,3
19640103,joestarrr69,0,3,3
20403654,SouJuku,1,2,3
21260233,YenDollarsign,2,1,3
21663721,arthRo,1,2,3
21801965,Chorne,1,2,3
22272305,_Kick,3,0,3
23403742,Laydau,1,2,3
23487351,Regussy,1,2,3
23548037,Aster0id,1,2,3
24010320,Mimosa M,0,3,3
24262269,Axilotl,1,2,3
24730930,[-Omni-],1,2,3
27281150,Impen,3,0,3
27557778,Kouri Cube,1,2,3
28196315,oriro,1,2,3
28464080,NeverDrift,2,1,3
29573686,OnyxAje,0,3,3
29661380,Ameth,0,3,3
33200799,gourmand,2,1,3
33991278,ilyuchik,2,1,3
35492230,straweeeeee,3,0,3
35628968,SisypheOvO,0,3,3
36426443,RL34_,1,2,3
37590732,Paradogmatical,3,0,3
37910724,chiterihead,2,1,3
71,diela,2,0,2
95,Elmo_old,2,0,2
159,meyou22,2,0,2
274,Oddbrother,2,0,2
301,IcePagoda,2,0,2
424,caelus,2,0,2
488,kaeeepy,2,0,2
586,TiZ,2,0,2
2542,sixtysevenfrogs,2,0,2
2596,RatherDashing42,2,0,2
2905,darkbluetornado,2,0,2
5268,Phrygian,2,0,2
5287,Drezus,2,0,2
5402,Soaprman,2,0,2
5725,Slezak,2,0,2
8649,Tri-Edge,2,0,2
8950,MOOMANiBE,2,0,2
10158,emj,2,0,2
11556,x2652300,1,1,2
13007,Ema Skye,1,1,2
14823,bironist,2,0,2
22263,gamerrox,2,0,2
22966,Ruduen,2,0,2
27489,loveFantasy,1,1,2
28458,Blatzk,1,1,2
29089,Sutsuka,2,0,2
31343,Hara,2,0,2
32453,ogicu8abruok,2,0,2
32931,Ace of Trades,1,1,2
34281,naruti,1,1,2
35074,TheRagnarok,2,0,2
35536,Mety,2,0,2
37224,The_Priest_In_Yellow,1,1,2
37529,hawkzor,1,1,2
38408,moonstar,1,1,2
42824,Leyka,2,0,2
45683,AdvanceBoy,1,1,2
45961,thekillerhjkhjk,1,1,2
56806,roleykatsu,0,2,2
61101,taNa,0,2,2
63671,Lokamp,1,1,2
64678,,2,0,2
71142,Amodeus,2,0,2
72125,qweqqwweerr,0,2,2
76262,Paulo8624,2,0,2
85070,,2,0,2
91320,UtsukimiJerry,1,1,2
94364,Rusty,1,1,2
107857,gfbrd,2,0,2
113058,Bibendum,2,0,2
120265,NaomiMinette,1,1,2
125326,BexXz,1,1,2
126198,statementreply,1,1,2
131612,Lisa,1,1,2
132098,jogfi2002,2,0,2
133288,HolyBoy,2,0,2
135567,lzy,2,0,2
140897,Daiguren,0,2,2
144464,Foster Don,1,1,2
147623,Uan,0,2,2
150296,[Ghost],2,0,2
155707,aabc271,2,0,2
159590,Nanakase Gizumo,2,0,2
160015,Bessy,1,1,2
160645,ABBA,0,2,2
166465,mayosiiiiii,1,1,2
169631,TraceTheKriken,0,2,2
175263,Teras,0,2,2
178775,roflninja,2,0,2
180594,littlecar3370,0,2,2
185417,Yusu Aoi,1,1,2
190768,nanda2009,2,0,2
194294,Mara,2,0,2
210135,Sekuyi,1,1,2
232574,GamerX4life,2,0,2
233271,zsr123,2,0,2
243125,-maJu,0,2,2
246186,Bikko,2,0,2
259254,Bittersweet,0,2,2
280362,AtemiskKun,2,0,2
288597,[milky],0,2,2
290128,OnosakiHito,1,1,2
299559,Lizzehb,0,2,2
310695,TerisKey,0,2,2
311891,Amethyst Wolf,0,2,2
312215,SiU_LeAf,1,1,2
321112,koko6162006,0,2,2
323677,Shino,2,0,2
333241,kriers,0,2,2
333959,Nixnez,2,0,2
334369,morphina,1,1,2
338901,Nekoroll,1,1,2
350480,valuable_old,0,2,2
353453,MineC24,2,0,2
358287,PEPOTTI,1,1,2
360207,remy11,1,1,2
368955,Barney Stinson,1,1,2
373999,Cirno,2,0,2
375022,Kurowolfe,1,1,2
377707,mlson1,0,2,2
398633,Serval,1,1,2
424517,chickgod,0,2,2
440606,Rotten yellow,0,2,2
444347,Ari-chan_old,0,2,2
466126,Gcode,1,1,2
484670,Genkishi,2,0,2
512319,KeigoClear,1,1,2
523712,kurohana,2,0,2
537015,sirjuyt,2,0,2
540992,Piscis,2,0,2
546698,Shirahane_Suoh,0,2,2
576800,akrolsmir,2,0,2
597310,Cubex,1,1,2
607288,Reisyth,2,0,2
619514,Sherry,1,1,2
627459,Amule,0,2,2
639751,DeathBlood,2,0,2
641174,R e d,0,2,2
678178,FoxShift,0,2,2
682460,lucyfly,0,2,2
697843,PainSinger,1,1,2
713330,SuzumiyaSama,0,2,2
719683,jesse7419,2,0,2
733878,B e N i,2,0,2
734656,Icemixxa,0,2,2
736114,Chewu,0,2,2
743282,Tidek,2,0,2
774539,Kogure,1,1,2
817044,,1,1,2
851963,Riena_old,0,2,2
872311,-s u i r e n-,1,1,2
904187,hibarirailwayz,0,2,2
913249,Breadhunter,1,1,2
930405,Revy,1,1,2
941906,izacchi,1,1,2
945874,Mitsuneko,0,2,2
965708,,1,1,2
1019859,Kokatsu,1,1,2
1023489,respektive,1,1,2
1038339,871,1,1,2
1069441,Moonlight,0,2,2
1078989,Frozen Child,1,1,2
1090737,Snow Lover,0,2,2
1118341,Jonimay,1,1,2
1131446,lightr,1,1,2
1190491,Minos2012,2,0,2
1199528,[BH]Lithium,0,2,2
1204034,LQA20Ans,2,0,2
1225459,Kenny,1,1,2
1227834,,2,0,2
1275900,Itachi_Uchiha,2,0,2
1340650,Tear,2,0,2
1360278,Yumih,2,0,2
1380419,Leaf,1,1,2
1436140,Elily,0,2,2
1444683,neurosis,1,1,2
1445567,Doraton,0,2,2
1491415,etc,1,1,2
1499299,ReySHeL,2,0,2
1533041,Catoliel,0,2,2
1545289,Makyu,1,1,2
1559983,MrDorian,1,1,2
1576380,015,0,2,2
1596999,kongehund,2,0,2
1604016,Setsurei,2,0,2
1623200,,2,0,2
1632431,Losertic,1,1,2
1650010,Aireu,0,2,2
1706854,Zelda,0,2,2
1721141,LZCSC,1,1,2
1749607,mofuries,1,1,2
1766764,Hiten,0,2,2
1819342,DPPt444444,0,2,2
1821350,Prancer,0,2,2
1831578,Slow-ru,0,2,2
1839103,creampuff,0,2,2
1990890,Kaguya Hourain,1,1,2
2005843,[Epicz],1,1,2
2061922,Sephibro,2,0,2
2095582,Person,0,2,2
2112092,11t,1,1,2
2114760,gtfo,0,2,2
2121032,Caffe_[Latte],1,1,2
2121386,Danny,2,0,2
2159014,Sarasa,1,1,2
2185631,- Melody,2,0,2
2192669,1Lili,0,2,2
2207976,Don,1,1,2
2219397,Polita,2,0,2
2234810,Snowy Wings,1,1,2
2241286,AllStar12,1,1,2
2248413,apl-,0,2,2
2288665,Emu,0,2,2
2317431,Raisa12,1,1,2
2389333,Battquif,1,1,2
2417723,RandF,2,0,2
2444995,OK_oreGENKI,1,1,2
2470093,zlfence,1,1,2
2507187,WhiteAries,0,2,2
2597311,Avishay,0,2,2
2701868,Oriance,2,0,2
2740518,Fenza,1,1,2
2757426,Jakomo73,1,1,2
2757689,Toy,0,2,2
2782093,Kyrari,0,2,2
2875497,dennischan,2,0,2
2988442,Antlia-,1,1,2
3043544,tutuhara,1,1,2
3074287,KazuhikoRei,1,1,2
3075059,Hathz,0,2,2
3102720,eeezzzeee,0,2,2
3255055,Arcubin,1,1,2
3358261,Kurikara Tendou,2,0,2
3395780,Akabato,2,0,2
3399877,Asai Rumi,1,1,2
3409977,TheKushVanMan,2,0,2
3516595,Catzzye,2,0,2
3522390,fish39,0,2,2
3549913,snowsign7,2,0,2
3556856,LwL,0,2,2
3587556,Esfi,0,2,2
3594494,Minao,0,2,2
3610934,Starfall9908,1,1,2
3634316,Rirakusu,0,2,2
3728904,Cryptic,1,1,2
3729163,Echoy,2,0,2
3951497,SkinnyJommy,0,2,2
3965790,Tolyan,2,0,2
3971179,J1NX1337,0,2,2
4005683,aigoh,1,1,2
4015927,Senjougahara H,0,2,2
4026124,Infinitstart,0,2,2
4131820,Lurei,1,1,2
4133758,Nameless Player,0,2,2
4141918,Thundur,0,2,2
4160744,unko,0,2,2
4197893,XiMerx,0,2,2
4201807,Speed of Snail,1,1,2
4262435,Lorkee,1,1,2
4271875,Starlights,0,2,2
4316633,soik,1,1,2
4432964,Angry,1,1,2
4445948,S O U R,0,2,2
4515011,[Shiny],0,2,2
4524921,110,0,2,2
4535883,WHchild,1,1,2
4543414,downpour,2,0,2
4687701,Dropinx,2,0,2
4717672,Thievley,0,2,2
4752536,Daoski,0,2,2
4778689,-Luminate,1,1,2
4873016,Celerrin,0,2,2
4899898,ayygurl,2,0,2
4935188,Firmatorenio,0,2,2
4956938,AmigoDoChroome,2,0,2
4961106,Seria,0,2,2
5134380,rawrneru,1,1,2
5176421,Skarsta,0,2,2
5267343,- Sophia,1,1,2
5298504,Nitronic Techno,1,1,2
5349762,Moegi,0,2,2
5426640,nanawo,0,2,2
5472693,Agent5d,0,2,2
5502823,dippa,0,2,2
5525001,,1,1,2
5657937,Evgerable,0,2,2
5840097,RealMetMuster,2,0,2
5889757,Cordie,0,2,2
5938859,mezelyus,2,0,2
6017319,NOIN,1,1,2
6087314,Zhuriel,2,0,2
6282195,Aether Realm,1,1,2
6304246,puppy,1,1,2
6379145,Zallies,1,1,2
6410432,,1,1,2
6411631,Maarvin,0,2,2
6420489,TheNexus,1,1,2
6509223,marcuddles,1,1,2
6563295,Tae,1,1,2
6599241,Jacques,1,1,2
6613136,Hoa,1,1,2
6646204,Paka,0,2,2
6652384,Alexey11,2,0,2
6708955,milk tea,1,1,2
6709675,Natsusaki Yomi,2,0,2
6723538,Meftly,0,2,2
6725771,ferret irl,1,1,2
6796557,Samoyed,1,1,2
6841423,beef wellington,0,2,2
6852030,Akanya,0,2,2
6878646,Nao,2,0,2
6924298,Kyu96,1,1,2
7024238,oplexz,1,1,2
7078544,lychee boba,0,2,2
7083201,Morika,0,2,2
7090098,lofkesHAHA,1,1,2
7103149,beenscared,2,0,2
7136934,Walshy,1,1,2
7167269,beiv,0,2,2
7184125,None1637,0,2,2
7197186,Dafiely,1,1,2
7282043,-Kyu,0,2,2
7314158,Purplegaze,2,0,2
7428814,Sezari,0,2,2
7587763,EVIL BALNER,0,2,2
7593935,T-Light,1,1,2
7642841,thinking,0,2,2
7733431,Wezeh,1,1,2
7782553,aesth,1,1,2
7935538,RadicalMemes,1,1,2
7936305,Saka,2,0,2
7947626,SgtCataclyst,2,0,2
7985423,tetsureign,1,1,2
8023259,Senery,2,0,2
8058206,GoldenMine,1,1,2
8106958,Zekks,0,2,2
8159528,JustALeaf,0,2,2
8301957,_gt,0,2,2
8333834,-aster,1,1,2
8362883,H-3110,0,2,2
8458835,Yasuho,0,2,2
8642984,RyrverF,1,1,2
8648178,Raburauza,0,2,2
8682057,Sakura Airi,1,1,2
8697654,FORMless000,0,2,2
8763900,Karxy,0,2,2
8788918,Perikas,0,2,2
8813784,PotatoBoy123,0,2,2
8839852,,0,2,2
8855680,kelowna,1,1,2
8908780,Dragontail,1,1,2
8949504,bag103,1,1,2
9010180,Ryaldin,1,1,2
9109299,otlock,0,2,2
9138779,Batatin,1,1,2
9200415,Zelzatter Zero,1,1,2
9255866,tsukino,2,0,2
9388535,JustABeginner,0,2,2
9395013,-Nenecchi,1,1,2
9405745,scylla,0,2,2
9536238,Jeremiasz,2,0,2
9564072,Tocorn,2,0,2
9571064,Vereor Nox,0,2,2
9599887,honk,1,1,2
9713372,Eloxrad,0,2,2
9910913,carmen winstead,0,2,2
9943206,kiruru02,0,2,2
9985130,Emychi,0,2,2
10000899,shdewz,0,2,2
10021506,mqno,1,1,2
10166905,XenjeS,1,1,2
10249166,namirin1,0,2,2
10333154,synoxa,0,2,2
10352099,Nagabi,2,0,2
10444226,Iris_Syen2,0,2,2
10483270,Chokori,0,2,2
10518369,Fyuni,0,2,2
10630851,negusver,1,1,2
10643960,rnuxk,0,2,2
10648025,Testeron,1,1,2
10663935,Exohcist,0,2,2
10691999,Swann,0,2,2
10711732,Listle,0,2,2
10718955,Grubbsgaben,1,1,2
10752138,Centrak_,0,2,2
10772337,Scyhei,0,2,2
10784883,itCBuHTEP,0,2,2
10804484,Jagdblume,0,2,2
10820772,ArNeN,0,2,2
10857182,Niviro,2,0,2
10880277,7VII,0,2,2
10883764,,1,1,2
10970649,Drowzy-,0,2,2
10974581,Tommy Phelps,1,1,2
11025355,lililing,0,2,2
11033243,Rentai,0,2,2
11091956,Adi4t,0,2,2
11134301,Floth,0,2,2
11174970,Miraui,1,1,2
11264928,anunymous,1,1,2
11283763,Qutatos,2,0,2
11288897,Stuvz,1,1,2
11316200,komorice,2,0,2
11367990,Sayu,1,1,2
11483798,LY0N009,2,0,2
11512824,Ouijaa,1,1,2
11555612,Mejiro McQueen,1,1,2
11587888,Keegen,1,1,2
11626318,reused,1,1,2
11730480,Charlotte Teo,0,2,2
11736686,,0,2,2
11753540,Zevonik,0,2,2
11759016,BeeNoo,0,2,2
11840611,KiuL,1,1,2
11893247,nano desu,2,0,2
11937923,ssentury,0,2,2
11942847,dead soul,0,2,2
12053572,ridyagd,1,1,2
12096642,MissOne,2,0,2
12129412,czarrify,1,1,2
12202466,KEFRMO,0,2,2
12223059,,2,0,2
12263141,-cy,2,0,2
12310621,inflour,0,2,2
12338810,CLICUS,0,2,2
12419976,AnzeigeistRaus,0,2,2
12430651,Zetsu-,1,1,2
12491501,OsuMagic360,0,2,2
12628968,Himea,1,1,2
12717375,NashiKari,0,2,2
12764539,Arietta-,0,2,2
12911800,Toara,1,1,2
12985528,Six Sevenek,0,2,2
12989922,houndz,1,1,2
13201155,cyberish,0,2,2
13214099,,0,2,2
13251349,-Liban-,0,2,2
13261558,Sanzu_Alternate,0,2,2
13317401,chinchilla,1,1,2
13368273,Wozu,0,2,2
13454765,Flaz,0,2,2
13465564,Subokuu,1,1,2
13531286,Mendozer,0,2,2
13594641,derov,1,1,2
13618088,Raupain,2,0,2
13714351,Stupid Femboy,1,1,2
13718409,,2,0,2
13726792,Xeidon,1,1,2
13735969,Juako Pako,1,1,2
13906638,lifelessapple,1,1,2
13944382,LN-Larks,1,1,2
13954882,Yolixer,0,2,2
14035920,Rikuima,0,2,2
14201221,synchromic,0,2,2
14202675,liam,2,0,2
14582633,679,0,2,2
14600170,Iraq,1,1,2
14644216,groovy,0,2,2
14708449,Molybdenum,0,2,2
14989473,-Foxee-,0,2,2
15042219,pxws,1,1,2
15066960,Technochroma,1,1,2
15084122,Slifer,2,0,2
15172520,Emiya Nikita,0,2,2
15325434,Soccs,0,2,2
15337997,HUYI520,0,2,2
15506577,Seavens,2,0,2
15556533,paperoni,2,0,2
15599657,nanachi_fan937,0,2,2
15607940,KyraOoflet78,0,2,2
15640966,Raids,2,0,2
15643922,ayufly,1,1,2
15646039,Corne2Plum3,0,2,2
15758568,Motomiya Chiaki,0,2,2
16047303,plow,0,2,2
16120128,Previously,2,0,2
16139008,sharytory,1,1,2
16222183,Turq,0,2,2
16357858,User_16357858,0,2,2
16577798,MakiDonalds Jr,2,0,2
16593478,JMP,1,1,2
16638472,effyl,2,0,2
16665542,smoczyy,0,2,2
17041914,Nabbie,0,2,2
17190075,hytaa,1,1,2
17305262,Marioo83,2,0,2
17342926,Nicorabel,0,2,2
17601625,LXH Cat,0,2,2
17734808,CBSP,2,0,2
17744067,ourb,2,0,2
17916791,Snapcaster Mage,0,2,2
17994125,kulerbruh,0,2,2
18230719,ZnCookie,0,2,2
18356158,aash,1,1,2
18357479,jykca,1,1,2
18509998,_Icarus_,1,1,2
18611203,Jugito,0,2,2
18940223,Posity,2,0,2
19168645,Micall,1,1,2
19304434,radiite,0,2,2
19670323,vodit51321,1,1,2
19988016,BaRho80,0,2,2
20035774,[moI],1,1,2
20369125,LikaaGod,2,0,2
20383292,Ea Nasir,1,1,2
20433646,itzKira811,2,0,2
20461805,uwah,0,2,2
20471907,dicecream,1,1,2
20602142,Kyomu,0,2,2
21007343,Your Stary,0,2,2
21221092,_koishi1,1,1,2
21244860,Jofox,0,2,2
21311432,iamadumhead,2,0,2
21455391,h1dron,0,2,2
21615927,Nekathe,1,1,2
21652698,,0,2,2
21745975,Draego,0,2,2
22226655,Yohananas,1,1,2
22374356,EmsTheBetrayed,2,0,2
22485583,WinterBird,1,1,2
22631145,-Adderall,1,1,2
22678108,lolopascontent,1,1,2
22714408,ShiNKai ShouJo,0,2,2
22735344,Faath,0,2,2
23281678,Voykaria,2,0,2
23658065,marci,2,0,2
23783206,new year,1,1,2
25271869,,1,1,2
25461482,Messmer,2,0,2
26187777,oomf chan,2,0,2
27486067,,1,1,2
28003519,357yunogasai,1,1,2
29192060,snow_sayu_,2,0,2
29721245,Kataru,2,0,2
29966967,faiszen,1,1,2
29968941,oddless,1,1,2
30706079,MrRainbowDoge,1,1,2
30989843,theodora,0,2,2
31392960,akivn_shugo,0,2,2
32559982,o074,1,1,2
35079462,silly femboy,1,1,2
35295655,risui,2,0,2
37229059,Stormphrax0679,2,0,2
3,BanchoBot,1,0,1
55,Zallius,1,0,1
57,Ellesime,1,0,1
93,,1,0,1
229,,1,0,1
407,Level-Up!,1,0,1
501,qudfo9,1,0,1
508,TB1991,1,0,1
739,Gilrad,1,0,1
857,KiraCatgirl,1,0,1
1006,DS-Deluxe,1,0,1
1039,,1,0,1
1536,Jay_old,1,0,1
1598,flakmonkey,1,0,1
1733,Tapdancingmetroid,1,0,1
1961,Leniad,1,0,1
2271,Fraeon,1,0,1
2348,Manabeast,1,0,1
2355,Homestarrunner,1,0,1
2486,Jean_old,1,0,1
2505,,1,0,1
2646,elvana,1,0,1
2675,TheManCalledNo,1,0,1
2740,Shadowtje,1,0,1
2930,kennyloo69,1,0,1
2934,Kimichi,1,0,1
3004,Gunzil,1,0,1
3335,AlexanderPD,1,0,1
3562,Machu_old,1,0,1
4128,Lancer_old,1,0,1
4220,CheEZ_old,1,0,1
4646,Agent BA8 Rookbie,1,0,1
4696,Zweihander,1,0,1
5726,pokedigi,1,0,1
5807,Maythius,1,0,1
6136,varq,1,0,1
6281,Derfas13,0,1,1
6499,LeMoonwalker,1,0,1
6566,ProF,1,0,1
6659,Maximum,1,0,1
6825,Vic,1,0,1
7365,Gemi,1,0,1
8505,ichikam,1,0,1
8614,bitor,1,0,1
8643,MaybeLater_x,1,0,1
9251,altruisticcrono,1,0,1
9879,nullset,1,0,1
10863,Pong_old,1,0,1
11361,Cmdt_Carpenter,1,0,1
11648,shindrgon,1,0,1
12213,uzushika,1,0,1
12217,xxcz111,1,0,1
12437,Qwertyuiop_old,1,0,1
15115,cx_time,0,1,1
15370,Cheery,1,0,1
16956,Aeon,1,0,1
17540,Fabricio4p,0,1,1
18257,FutakiKanata,0,1,1
18605,dumpsterdiver,0,1,1
20871,Dragonslayerxx,0,1,1
21870,taktaktak,1,0,1
23459,daniel32333,1,0,1
23636,Gelbana,1,0,1
24334,Jerrysr,1,0,1
27973,kyuten,1,0,1
29029,Jak64,0,1,1
30215,Ironsharp,1,0,1
35199,Zatoichi,0,1,1
37335,FluffRat,1,0,1
38805,Pilgrimage,0,1,1
39355,Exilon,1,0,1
41278,RedFox,1,0,1
43938,yanki,1,0,1
44074,RaisTF,1,0,1
46872,spiky_meteorite,1,0,1
47842,mikhe,0,1,1
50092,melody321,0,1,1
50666,Sun and Lunar,1,0,1
50829,FolkFolk,1,0,1
52062,FrozenPower,0,1,1
52934,Stickly Man,1,0,1
53531,Torran,1,0,1
54178,Z-Ramm,1,0,1
54237,Vieroz,0,1,1
56324,Skiboslaw,0,1,1
57724,evilc,1,0,1
61308,Vexed_old,0,1,1
61466,sebastiangl,1,0,1
62195,,1,0,1
64137,_Kanbu,1,0,1
64811,Agka,0,1,1
65155,blade3285,0,1,1
66020,Tatsuo,1,0,1
66125,Rawrgasmitron,1,0,1
68977,Nyar,0,1,1
70909,DJNightmare,0,1,1
72591,madog,0,1,1
74517,eXseeD,1,0,1
75322,chel007,1,0,1
75515,ElxBeta,1,0,1
76568,,1,0,1
77839,pete2528,0,1,1
79188,YellowerYoshi,1,0,1
79249,lcclarke,1,0,1
83890,,1,0,1
84527,,0,1,1
84726,BananasGoMoo,1,0,1
86364,kolobae_,0,1,1
87892,ACC,0,1,1
88346,skyflying,1,0,1
90118,Ph0X,0,1,1
90330,Ice coffee,0,1,1
92873,merimeri,1,0,1
94203,Nakata Yuji,1,0,1
94534,VitaminB6,1,0,1
98030,Kasen,0,1,1
104668,GolGate,0,1,1
105494,hemoC,0,1,1
107016,,1,0,1
108118,akarina_old,0,1,1
110155,Iluhiwizel,0,1,1
111252,Film11,1,0,1
112265,klubek,1,0,1
115674,a2823282,1,0,1
117022,youngdow,1,0,1
118360,Adarin,1,0,1
122037,Xeno_old,0,1,1
123184,phqdtc,0,1,1
123938,Revengexsoyah,0,1,1
129131,HentaiTei,0,1,1
131657,HopaOoo,0,1,1
133302,uranuss8600,1,0,1
137964,Ruish,1,0,1
138985,silklash,1,0,1
139269,DoraX,0,1,1
140490,Genshin,1,0,1
145851,azuraer,0,1,1
151115,,0,1,1
154234,Hinagiku,1,0,1
155061,Skelectro,0,1,1
157956,Rasyad95,0,1,1
159336,Real_Imouto,0,1,1
163474,,1,0,1
164024,quintessence,1,0,1
172000,AtonoMatsuri,0,1,1
175355,Lovely Crab,0,1,1
176285,Cike,1,0,1
178100,Decay,0,1,1
185561,Phyrearms,1,0,1
190109,Soulclenz,0,1,1
190292,DJ Remilia,1,0,1
192145,AisamaDX,0,1,1
192763,eXperion,0,1,1
197876,Cute Bunny,1,0,1
198574,Rorry,1,0,1
200304,Neo Adonis,1,0,1
204962,Open [no map],0,1,1
207979,Ashikabi,1,0,1
213186,Fapfrit,0,1,1
213675,chungskale,0,1,1
215835,Clemaister,1,0,1
219057,Gomo Psivarh,1,0,1
222381,[KOR]Extream_Sigma,0,1,1
226221,Wuiss,0,1,1
234788,NaRiTA TaiShiN,1,0,1
237017,Daerren,0,1,1
238361,shenpei310,1,0,1
248268,Doodley,1,0,1
251395,Zapy,0,1,1
251682,l3lueskyiiz,0,1,1
253969,sico91212,1,0,1
256869,- S,1,0,1
259166,Dark,0,1,1
270333,zyqzyq,1,0,1
271144,Guerra,0,1,1
274261,grasscarp_old,0,1,1
276447,sisiJiang,1,0,1
280463,grvyd,0,1,1
295201,Scarlet-M,0,1,1
297551,Kotya,1,0,1
300961,Shadow,1,0,1
311550,hopperhtkn,0,1,1
318521,Air_kannabi,0,1,1
329205,[Hijiri Byakuren],1,0,1
334198,HoLoDrEaM,1,0,1
335624,Melpomena,0,1,1
341268,dinka0403,0,1,1
344441,MilkyJum,0,1,1
355281,loli_milk,0,1,1
356361,murasamenosigure,0,1,1
360552,Sinch,1,0,1
366059,threenash,1,0,1
370548,gkana,1,0,1
373084,LuPiiTa,0,1,1
376604,,1,0,1
377452,Disambiguate,0,1,1
383337,Wasabi,0,1,1
390003,laport,0,1,1
390744,,1,0,1
394210,,1,0,1
396067,yuineee,0,1,1
398275,Kurokotei,0,1,1
407022,AlrdyExists,0,1,1
420798,-saku-,1,0,1
423007,[Aramary],1,0,1
430678,RAVR,0,1,1
434917,MisakaMikoto,0,1,1
438104,LesTrucsRoses,1,0,1
441277,sewerty5,0,1,1
447818,Flanster,0,1,1
460359,AlMod,0,1,1
462363,ychao,0,1,1
462674,____A_A,0,1,1
475816,Nooko,1,0,1
487883,_Azusa_,0,1,1
493192,Aria,1,0,1
496632,Kalypso_old,1,0,1
507295,genso,0,1,1
511947,,1,0,1
520864,Ayeen_old,0,1,1
531224,qkenan,1,0,1
537044,wantuol,0,1,1
537454,Yucali,1,0,1
538604,Fluorine_old,1,0,1
541502,Panoroma,0,1,1
549569,LaceWingfield,0,1,1
549766,VTC,1,0,1
553656,Sey,1,0,1
566276,Rocma,0,1,1
571231,selimsrm,0,1,1
596535,Neko_Lover,1,0,1
600599,Decipher,0,1,1
604209,Yuki-kun,0,1,1
623027,RobotoRaccoon,1,0,1
626094,marshallracer,0,1,1
627522,Amainya,0,1,1
634035,nadesico,0,1,1
649766,totallyMINA,0,1,1
654296,Bitcoin,0,1,1
672226,Unagiya,0,1,1
672972,pandaikon,0,1,1
673060,Lidan,1,0,1
682758,i c h i g o,0,1,1
685048,Copter-kun,0,1,1
689266,,1,0,1
693925,Bobo_old,0,1,1
702598,Spectator,1,0,1
714263,fusya,1,0,1
728076,Varjharta,0,1,1
729632,DevilA1r,1,0,1
735222,f e a r,0,1,1
763743,KuronumaSawako,0,1,1
776257,shARPII,1,0,1
791660,Evrien,0,1,1
795235,donpen,1,0,1
797896,MofuMofus,0,1,1
803440,Andruchon,1,0,1
803906,Asterio_old,0,1,1
804584,Frizz,1,0,1
817211,Nidert,1,0,1
817873,wule_old_1,0,1,1
835808,-Ryosuke,0,1,1
843675,Peace_old_1,0,1,1
847182,RL_Tibbar,0,1,1
850361,banbar,0,1,1
865132,Reat,1,0,1
867902,Gaba,0,1,1
871641,houten8,0,1,1
876419,Nardoxyribonucleic,1,0,1
878904,momimann,0,1,1
879224,Artavia,1,0,1
900006,SelisiPhoenix,0,1,1
910169,,1,0,1
911967,Ciria,0,1,1
924016,kirinokirino,0,1,1
926675,Tsukasa,1,0,1
926799,Asakichi,0,1,1
928520,Aoko,1,0,1
940961,congaan,1,0,1
997489,[ Kuro Usagi ],0,1,1
1020317,Broze,0,1,1
1035717,Rubiha,1,0,1
1044280,0x57CB36,1,0,1
1059187,LoliMaster_old,0,1,1
1079625,YooA,1,0,1
1083002,Ayakura Mei,1,0,1
1108866,JudgeTheDude,1,0,1
1116995,crabovan,0,1,1
1118174,Wataru,0,1,1
1126229,zeluaR,0,1,1
1133841,,0,1,1
1135410,PuttyoU,0,1,1
1142651,Main Black,1,0,1
1157075,Origami_Munchkin,1,0,1
1158854,Lizellota,0,1,1
1163187,Pagliaccio,0,1,1
1184553,SilverJetter,0,1,1
1187890,bl801,1,0,1
1199775,-Kirito-,0,1,1
1202781,Kim Yoo Hyeon,0,1,1
1206417,Kashimaria,1,0,1
1208858,Vettel,0,1,1
1224465,madabau,0,1,1
1235485,Grrum,1,0,1
1243556,KonataN,0,1,1
1255920,Lost The Lights,1,0,1
1258181,Sinku,0,1,1
1258840,O n L y _,0,1,1
1275211,Clyine,0,1,1
1298844,Livia,1,0,1
1301112,ice08311,0,1,1
1308516,,1,0,1
1309717,ecdonald,1,0,1
1328523,shigurin,0,1,1
1333167,Hazelz,1,0,1
1350701,Hiseii,0,1,1
1354668,yurunneram,0,1,1
1357150,Chocoliti,1,0,1
1357912,hoshisorakiseki,0,1,1
1358191,,1,0,1
1360311,Kasuga,1,0,1
1361885,[ UniCiTy ],0,1,1
1367703,pife1,1,0,1
1370598,Pretty Rhythm,0,1,1
1394757,,1,0,1
1400208,smallbeans,1,0,1
1416094,ArtBox_old,0,1,1
1428609,Arnold0,1,0,1
1428615,SushiComboBox,0,1,1
1431051,jaje,0,1,1
1480755,udongein,0,1,1
1503131,marine-snow,0,1,1
1509338,,1,0,1
1525538,Raiku,1,0,1
1541390,Toukai,0,1,1
1558603,MouseEasy,1,0,1
1570876,mingmichael,1,0,1
1587460,MerryGate,1,0,1
1597611,Some1,0,1,1
1617530,Zexion,1,0,1
1634443,ACOMG,1,0,1
1637930,Aeonian Sonder,0,1,1
1640618,Meisle,0,1,1
1650976,Steph De Chine,0,1,1
1652478,-Kanzaki,1,0,1
1653858,Your Good Self,1,0,1
1667473,_koinuri,1,0,1
1672635,,0,1,1
1696312,Mel,0,1,1
1699726,Cobra,1,0,1
1728844,Alltur,0,1,1
1730025,Kotayo,0,1,1
1740102,Manuxz,1,0,1
1747880,R e v i v e,0,1,1
1779680,-Lemons,0,1,1
1786588,toara_fict,1,0,1
1787029,Chordzi,1,0,1
1799925,Lazer,1,0,1
1802098,,1,0,1
1806962,Yumeno Himiko,1,0,1
1808116,Mythozz,0,1,1
1811271,Arieruco,0,1,1
1815798,G S X,0,1,1
1856170,Leminine,0,1,1
1860489,_Shield,0,1,1
1863798,WingSilent,1,0,1
1866926,nvrsebas,1,0,1
1872256,My Name Is R,0,1,1
1877642,_dog,0,1,1
1888064,Line-,1,0,1
1898440,Dizco_old,0,1,1
1907940,Pagno,0,1,1
1928260,Leper,1,0,1
1936576,Norb,0,1,1
1940325,DarkVortex,1,0,1
1966909,DropTimes,1,0,1
1975572,[ Yuki ]_old,0,1,1
1976897,ShiroiYume,0,1,1
1980256,komasy,1,0,1
1991589,FrzR,0,1,1
1997902,zorefire,0,1,1
2001716,Shilkey,1,0,1
2002719,-RIKKA-_old,0,1,1
2023932,Azails,1,0,1
2028834,- Miomio Chii -,0,1,1
2056105,Mamiko,0,1,1
2080978,Alonevpk,0,1,1
2086811,,0,1,1
2121993,Mayoler,0,1,1
2132741,SuperMoutarde,1,0,1
2164627,Azuren,0,1,1
2168923,Ikaros_F,1,0,1
2190156,Start,1,0,1
2206453,jiangyougogogo,0,1,1
2210715,Overwrite,0,1,1
2243053,Luerxa,1,0,1
2266890,Usernametwo,1,0,1
2272587,Trainjumper,0,1,1
2291265,Arnold24x24,0,1,1
2325577,Mollon,0,1,1
2339542,Blue-Fox,0,1,1
2341745,Papysh,1,0,1
2351223,,1,0,1
2355080,Chris Jasorka,0,1,1
2379437,NavyYa,0,1,1
2396290,BrianTheDrummer,1,0,1
2403444,Ichigaki,0,1,1
2411326,rokuya_,0,1,1
2421275,Metal,1,0,1
2463434,zigizigiefe,1,0,1
2467779,,1,0,1
2489741,HonKAn,1,0,1
2492781,Kikyo_77,0,1,1
2498731,chucentry,1,0,1
2533400,Cerkie,0,1,1
2555102,- Jelly -,0,1,1
2555146,Sheepe,0,1,1
2559349,Exile-,1,0,1
2575684,YunoFanatic,1,0,1
2636475,iMega,0,1,1
2648029,streeteelf,0,1,1
2650941,Sh1raYuKi,0,1,1
2665207,Shiguri,1,0,1
2681999,ggS1ayer,0,1,1
2689933,Jethh,1,0,1
2694009,mardoka,0,1,1
2704638,AgeSheRi,0,1,1
2712080,Wedzy,0,1,1
2737871,Momizi,1,0,1
2744592,saiyuri,0,1,1
2770422,Micka,0,1,1
2775753,Twaoi,0,1,1
2786413,Jacob,1,0,1
2791135,rosetaxi,0,1,1
2840499,elii,0,1,1
2845588,XVoIR,1,0,1
2846949,Pati,0,1,1
2857130,_vanity,0,1,1
2868028,Barricade,0,1,1
2879080,damian_q,0,1,1
2902534,kleps,1,0,1
2922993,Kareov,0,1,1
2932510,wuhua,0,1,1
2977649,,0,1,1
2983193,iaport,0,1,1
3026871,Xinying,0,1,1
3044264,Skid,0,1,1
3053670,Reazen,1,0,1
3057154,Ilham,1,0,1
3059364,Synpoo,0,1,1
3066122,Factorial,1,0,1
3086393,n0ah,1,0,1
3088670,Blockade,0,1,1
3089026,kefn,0,1,1
3108308,Paloch VeGa,0,1,1
3110277,MeatBoy,0,1,1
3117313,Squigly,1,0,1
3132772,Amori,0,1,1
3135958,Feruver,0,1,1
3144049,EchoingFury,0,1,1
3149376,Gexigamma,0,1,1
3158845,4anke,1,0,1
3160970,Rethor,0,1,1
3162182,pocket-Gao,0,1,1
3177798,Ringating,0,1,1
3224243,Legless,0,1,1
3265658,Birke,0,1,1
3283689,Winek,1,0,1
3284479,Blanc Kisaragi,1,0,1
3307585,Yadang,0,1,1
3387616,Zyl,0,1,1
3398715,Starger,0,1,1
3398835,-Teina-,0,1,1
3430690,truonant,1,0,1
3440388,houjuu,0,1,1
3446298,Jonis221,1,0,1
3498251,Arlecchino,1,0,1
3513564,Padge14,0,1,1
3518735,Kuki,1,0,1
3521482,Willy,0,1,1
3529515,Skyhmer,1,0,1
3549204,Haneure,1,0,1
3550729,Trinoline,0,1,1
3554105,Dstorv,1,0,1
3561842,Asfand,0,1,1
3579669,Alvieee,0,1,1
3611401,Skidayo,0,1,1
3633477,TequilaWolf,0,1,1
3641133,,0,1,1
3643824,myre,0,1,1
3645490,Agagak,1,0,1
3656068,Shushan,1,0,1
3669182,ohmanpasi,0,1,1
3686901,Charlotte,1,0,1
3695504,YukihanaLamy1,0,1,1
3725301,zinsser,0,1,1
3728792,Restart Button,1,0,1
3759181,TotallyTurtwig,0,1,1
3793938,Seox,0,1,1
3805795,Slick,1,0,1
3813800,LucyS,1,0,1
3819901,Inoculum,1,0,1
3823708,,0,1,1
3826105,kristi71111,1,0,1
3895545,Perklone,0,1,1
3897366,ItashaS13,0,1,1
3922920,Ikikaera,0,1,1
3946038,,1,0,1
3971283,Shiny-,1,0,1
3977397,blueloniess,1,0,1
3981709,DiamondMofeng,0,1,1
3990173,Sebu,1,0,1
3996979,- Milhofo -,1,0,1
4017263,Derpehhh,0,1,1
4017511,Tatsh,0,1,1
4023183,Benita,0,1,1
4063598,-[Hikari]-,1,0,1
4102249,Drummer,1,0,1
4113919,Rdaco,0,1,1
4147680,Vovan,1,0,1
4163860,Piggey,0,1,1
4178672,aefrogdog,0,1,1
4188624,Markden,1,0,1
4221806,nazzinoz,0,1,1
4231047,taru,0,1,1
4247826,Kvantuma Rozo,0,1,1
4256461,Riot,1,0,1
4266408,Rukq,0,1,1
4297341,genericiface,1,0,1
4313118,Billiebong,1,0,1
4320098,Rilene,0,1,1
4369291,WildCry,1,0,1
4369739,Yunomi,1,0,1
4377815,Altuth,1,0,1
4400911,AMX,1,0,1
4415285,El Condor Pasa,0,1,1
4417625,Yunona,0,1,1
4422457,Duskyui,0,1,1
4442138,Megapcmx,1,0,1
4446810,Bibbity Bill,1,0,1
4491713,Chugger,1,0,1
4504199,Graffin,0,1,1
4534639,Video,1,0,1
4575948,Bokkie,0,1,1
4581069,etn,0,1,1
4581715,dunois,0,1,1
4588894,Kawa,1,0,1
4598966,Intelli,1,0,1
4600319,fat pear,1,0,1
4607073,Hotaru,0,1,1
4639477,Dawnsday,0,1,1
4643986,- Satori,1,0,1
4649940,AnOzi Changle,0,1,1
4653583,NO37,0,1,1
4660116,-sandAI,0,1,1
4663676,Wildberries,0,1,1
4668800,Redstone,0,1,1
4673649,LUNAISTABBY,0,1,1
4732286,Lifdrasir,0,1,1
4754585,JQKing,0,1,1
4768477,Lefia,0,1,1
4904557,Albatro,1,0,1
4913598,Shaiden,0,1,1
4926291,epes2001 773,0,1,1
4963607,Megarymen,1,0,1
4996765,Hordon_old,0,1,1
5004986,Prinsep,0,1,1
5014197,Dizick,0,1,1
5015049,Tacto,0,1,1
5016431,_Crow,1,0,1
5019947,IAmSnowball,0,1,1
5032301,paydayzcool,0,1,1
5035932,Neqoo,0,1,1
5043454,,0,1,1
5045434,yotm,0,1,1
5079282,Ahrome,0,1,1
5104320,SeeL,0,1,1
5108681,WWWWWWWWWWWWWW,1,0,1
5145051,mraihani,0,1,1
5182231,_Hou,0,1,1
5182374,niyuji,0,1,1
5189175,Bruce-Chan,0,1,1
5215955,uby,1,0,1
5256495,Fouriose,0,1,1
5291045,ChibiDesu,0,1,1
5292815,firedigger,0,1,1
5298911,Hectique,1,0,1
5300856,Mocalice,0,1,1
5340290,Easy,0,1,1
5366569,ZinaMarina,1,0,1
5507645,Suissie,1,0,1
5518021,[ IWeenox ],1,0,1
5538837,NOOBTRON1337,0,1,1
5546959,Daiyousei,0,1,1
5549697,,1,0,1
5572371,Exa,1,0,1
5666747,freihy,0,1,1
5698467,[ryuu],1,0,1
5715741,Horrifying,1,0,1
5727469,SnowyFire,0,1,1
5735327,kevjn,1,0,1
5779941,mqx,0,1,1
5797359,stUwUpid,0,1,1
5991961,Ney,0,1,1
6023784,small boob,0,1,1
6062546,Adventure,0,1,1
6065432,Einja,0,1,1
6078557,KantanDez,0,1,1
6089608,Shima Rin,1,0,1
6090289,samosita,1,0,1
6103754,YIIII,0,1,1
6107943,tatatat,1,0,1
6115887,Axhina,0,1,1
6118714,laethan21,0,1,1
6123897,-Brites-,0,1,1
6163744,Togetic,1,0,1
6179267,CrunchyTooth,0,1,1
6181367,Darkaster,1,0,1
6182439,Firebool,1,0,1
6193723,Diederich Olsen,0,1,1
6197261,Morso,0,1,1
6200099,Skite59,1,0,1
6201791,Tukan4ik,0,1,1
6218682,elmonoloko,0,1,1
6222617,Shiroi Hiroshi,0,1,1
6225427,Zinreu,1,0,1
6251591,KotobukiTsumugi,0,1,1
6258604,Fretzi,0,1,1
6303313,Mathyu,0,1,1
6304412,midori_wah,1,0,1
6330180,SnowMagicK,0,1,1
6341751,Pulse,1,0,1
6347812,Truzon,0,1,1
6403393,Kotoki,0,1,1
6405262,Ishtiaq,0,1,1
6413691,Alfarai,1,0,1
6420345,Egotrip,0,1,1
6466477,Giygas,1,0,1
6475822,Suzuya,1,0,1
6496950,play rainworld,0,1,1
6499896,Winkero,0,1,1
6551312,kimchii42,0,1,1
6569983,volume,0,1,1
6573093,OliBomby,1,0,1
6573664,silento,0,1,1
6584220,SynchroHD,0,1,1
6594866,Uni-Desu,1,0,1
6611851,sephrii,0,1,1
6646935,Scotland,0,1,1
6653832,BigEarsMau,1,0,1
6677907,dtm,0,1,1
6712725,Spinity,0,1,1
6781904,Atalyth,0,1,1
6786004,Lastopia,0,1,1
6806503,raikoh,0,1,1
6808620,Sowisty,0,1,1
6830586,Akro,1,0,1
6862265,_Hornet,0,1,1
6936275,quanhitter37,0,1,1
6938249,ParkourWizard,0,1,1
6977016,,1,0,1
7030443,lunaticNova,1,0,1
7033866,ideals,0,1,1
7057374,Chelia,1,0,1
7089648,Miquella,1,0,1
7093124,Slay,1,0,1
7095592,yassu-,1,0,1
7108275,i love manosaba,0,1,1
7109287,Chicorita,0,1,1
7130136,Danii,0,1,1
7137208,Spagett,0,1,1
7155890,CTaPbIuMeILHuK,0,1,1
7162035,[-GRIFFIN-],0,1,1
7186791,yuki_momoiro722,0,1,1
7198334,neuronio,0,1,1
7210268,Tomoe,0,1,1
7225339,fybeth,0,1,1
7227109,-Master-,0,1,1
7233543,I love Emilia,0,1,1
7292404,CursorDance,1,0,1
7294625,Pokejie,1,0,1
7370134,,1,0,1
7373520,fritz_divine,1,0,1
7375684,Hikomori,0,1,1
7379108,aru-,0,1,1
7380793,Welpe,1,0,1
7388971,Max_egb,0,1,1
7456434,Epicsteve2,0,1,1
7460626,Blobbability,0,1,1
7475496,youre beautiful,1,0,1
7477246,VincetLow,0,1,1
7483452,JierYagtama,0,1,1
7503114,Sampo,0,1,1
7537133,Mami,0,1,1
7542111,Xephyrus,0,1,1
7599956,Daxxel,0,1,1
7644676,HocoK,0,1,1
7657761,Voss,0,1,1
7673101,RanthFox,1,0,1
7679854,SellinFuTuRe,1,0,1
7680319,yu_u,0,1,1
7681679,SzefRon,0,1,1
7684497,GokuLook,0,1,1
7707188,- Cappuccino -,0,1,1
7712657,Catawba,0,1,1
7718539,Skey,0,1,1
7720423,SevenEnd7,0,1,1
7720905,SDpeople,0,1,1
7777765,Ryebyrinth,0,1,1
7803396,Ambrew,0,1,1
7875811,pedri,1,0,1
7918770,KChronoZ,0,1,1
7949169,,1,0,1
7984965,FiddleBlue,1,0,1
8007528,Raikouhou,0,1,1
8017335,nisinYAKUZA,0,1,1
8027395,saggi,1,0,1
8033748,Moester,1,0,1
8062939,Est-,1,0,1
8064894,Jhansen,0,1,1
8070341,Shademphrik,0,1,1
8121109,Raytoly,1,0,1
8198848,Sawada,0,1,1
8201267,2zz,1,0,1
8286416,Marblelemons,0,1,1
8305062,Pira,1,0,1
8337877,blobdash,0,1,1
8344751,RoseYoshino,0,1,1
8454773,MegaMK,1,0,1
8483169,Tiff,0,1,1
8509247,Aya Shameimaru,0,1,1
8513384,kippy,0,1,1
8514740,Kifo,0,1,1
8519044,a_point,0,1,1
8570559,Tonka Truck,0,1,1
8595858,Irisu,0,1,1
8605208,byAlexNick,1,0,1
8617347,SilverYako,1,0,1
8631719,Tien,0,1,1
8659732,HirokiArcticFox,0,1,1
8664728,keksik,0,1,1
8693851,Greenshell,0,1,1
8710691,Ravalo,0,1,1
8768258,creepie,0,1,1
8780504,codaaaaaa,0,1,1
8802914,-Arko,1,0,1
8816345,grrmondays,0,1,1
8824584,fogo,1,0,1
8858275,Naexen,0,1,1
8868635,Egor,0,1,1
8904045,Jooa,0,1,1
8949111,kesha_174,0,1,1
8949714,EririSawamura,1,0,1
8964050,GAO HAO,0,1,1
8986574,Dezu,0,1,1
9036345,coven,0,1,1
9053619,DJ EBAN,0,1,1
9091131,,1,0,1
9117537,Saint Trina,1,0,1
9146988,WHATT,0,1,1
9149167,Fluffy91021,0,1,1
9157301,syuq,0,1,1
9182389,bibidibabidiboo,0,1,1
9182393,KaniNayuta_old,0,1,1
9197580,Serdar,0,1,1
9206498,Shaper,0,1,1
9254536,khz,0,1,1
9292314,peaceGiant,0,1,1
9328854,kvuhlrrie,0,1,1
9390463,Tales78945,1,0,1
9395167,forsn,0,1,1
9404646,-Yuk1nA-,0,1,1
9458469,timq,0,1,1
9460659,Silence1020,1,0,1
9483319,tucan8d,0,1,1
9486777,suya,0,1,1
9522967,Ykybfz,0,1,1
9560941,BudgetMonstrata,0,1,1
9618786,intermezzo_,0,1,1
9629356,Duck Wings,0,1,1
9697624,t ony,0,1,1
9721337,Anthem-,0,1,1
9781471,Mupfel,1,0,1
9796372,Picrazo,0,1,1
9820560,Vaeviv,0,1,1
9824686,Rootynator,0,1,1
9829680,xiaomao,0,1,1
9858638,past,1,0,1
9943184,InCrit,0,1,1
9945607,Dark Soap,1,0,1
9955635,Raesin,0,1,1
9978700,X4D,1,0,1
9984244,garab1k,0,1,1
9997093,,0,1,1
10040597,Sonoboi,0,1,1
10073344,uoxv,1,0,1
10084560,Dinotronik,1,0,1
10100509,FinallyV,0,1,1
10113201,Bullet,0,1,1
10119389,neko-nin,1,0,1
10153979,san undertal,1,0,1
10192151,Zixooo,1,0,1
10198015,,1,0,1
10209520,,0,1,1
10210497,Telzzxs,0,1,1
10229523,limlite,0,1,1
10275038,PayneTrain,1,0,1
10276352,Lunexia,0,1,1
10286018,shenglinnn,0,1,1
10332253,Rozemyne,0,1,1
10362272,Ozaki Senpai,0,1,1
10396397,Resurreccion,1,0,1
10414170,,1,0,1
10419248,Bartolinii,0,1,1
10449071,Hidden is fun,0,1,1
10468789,trig,0,1,1
10501608,iFinixe,0,1,1
10592989,ellyn,0,1,1
10595521,leann,0,1,1
10598370,Kelp1e,0,1,1
10613989,Flyy,0,1,1
10626394,Renne Bright,0,1,1
10643997,snap,0,1,1
10652837,Rammu,0,1,1
10696953,Pixeltof,1,0,1
10722794,Inquisitives,0,1,1
10748631,Tommy315,1,0,1
10771480,Tateshina Eve,0,1,1
10805852,_necroplasma,0,1,1
10814653,Potatoritos,0,1,1
10815893,orca,0,1,1
10852203,yencis,0,1,1
10852632,giyokon,1,0,1
10860518,bubs,0,1,1
10887724,MMMMMCCREE,0,1,1
10899619,Cyrax,1,0,1
10963983,anneasparagus,0,1,1
10976433,AccNome,0,1,1
10987034,Drestau,0,1,1
11108658,Nacrus,0,1,1
11110052,AkameREK,1,0,1
11124094,Adrielle,0,1,1
11127298,Srr 2,0,1,1
11160462,Carcinogenesis,0,1,1
11172779,Kaopper,1,0,1
11209059,akyito,1,0,1
11215209,kiyan,0,1,1
11260017,samueldaniel,0,1,1
11276361,Akino Hana,1,0,1
11319806,Kim Ryzzo,1,0,1
11324794,Nikku,0,1,1
11345814,Wroughtstream,0,1,1
11353707,HomingLesi,0,1,1
11384327,Latianne,1,0,1
11410604,CyberEndDragon,0,1,1
11417629,kitty irl,0,1,1
11457152,Jaxyk,0,1,1
11481765,RAFUNA,1,0,1
11495715,Queenling,0,1,1
11530725,Akar,0,1,1
11557281,aeong,0,1,1
11559075,HouseCats,0,1,1
11562923,0gg,0,1,1
11578193,,0,1,1
11579021,AquaTail,1,0,1
11597152,carc1nogen,0,1,1
11602480,Bombdevil,1,0,1
11619569,Lethe,0,1,1
11638527,Dagoth Ur,0,1,1
11647787,Achilanx,1,0,1
11665315,Shikoruto,1,0,1
11671761,chromw,0,1,1
11678065,chowch,0,1,1
11727492,Jekuru,1,0,1
11736972,nachapon919,0,1,1
11740219,Takane,0,1,1
11747713,vp2_woon,0,1,1
11753012,Guest Diff,0,1,1
11759659,,0,1,1
11782043,Inversion2,1,0,1
11783312,Millesimale,0,1,1
11805265,leon737,0,1,1
11819882,CzystyWegiel,1,0,1
11854575,789,0,1,1
11890089,Zentoru,1,0,1
11942129,Jezztic,1,0,1
11942151,Pado,0,1,1
11965797,DriftThe,0,1,1
11987104,Eagle5324,0,1,1
12017880,NekoShabeta,0,1,1
12046321,bbalrae,0,1,1
12078760,Polysintek,1,0,1
12097794,frnono,1,0,1
12098479,strawbewwiii,0,1,1
12128174,Fop,0,1,1
12137295,jahkon,0,1,1
12137458,Tankuwi,1,0,1
12178466,Sagiel_K,0,1,1
12182913,suppejeger,1,0,1
12227804,awozy,0,1,1
12291981,RRolanDD,0,1,1
12303659,Animu_Person,0,1,1
12316976,Redeaxey,0,1,1
12317039,ArkRumiera,0,1,1
12317685,xZyn17x,0,1,1
12338672,SurprizeD,0,1,1
12349105,Prahosnika,1,0,1
12378737,Ryugia,0,1,1
12403097,Ben_Z9,0,1,1
12408961,MALISZEWSKI,0,1,1
12418339,_dopamine,0,1,1
12452243,ffelix,1,0,1
12475508,Supiidu,0,1,1
12481708,,1,0,1
12482781,Wisoven,0,1,1
12498861,kodak moment,1,0,1
12511621,plvg1727,0,1,1
12519024,-zabijak,1,0,1
12520770,LAN3XU5,0,1,1
12526902,dzimi_dzonson,0,1,1
12535675,93RF,1,0,1
12560019,roach,0,1,1
12658801,refia,1,0,1
12702139,Lakshiv,0,1,1
12728547,miss yo,0,1,1
12740152,vergenussferkle,1,0,1
12765882,Amnezzia,0,1,1
12774999,Dr Birb,0,1,1
12780881,Adespota,0,1,1
12785212,termi330,1,0,1
12814551,d0m,1,0,1
12829554,EEA12,0,1,1
12894452,brenxyz,0,1,1
12896700,GNF5,1,0,1
12924476,Gazrek,0,1,1
12962096,notHardXD,0,1,1
12981253,In Rainbows,1,0,1
12995368,bing bong,0,1,1
13041984,mykeek,0,1,1
13042378,Kohanari,1,0,1
13067180,lncogneato,0,1,1
13068741,LyeRR,0,1,1
13097638,Juicy,0,1,1
13113931,NoriScarlet,1,0,1
13131791,Tucho,1,0,1
13132843,Viprous,0,1,1
13147775,Azukimi,1,0,1
13213075,Burak,1,0,1
13217182,TVRemote,0,1,1
13260523,Schoki,1,0,1
13313613,-wwww,0,1,1
13319554,StrawBerryShy,0,1,1
13347736,T-Bunda,0,1,1
13401416,xKongou,0,1,1
13422725,MiniFig,0,1,1
13431764,minisbett,0,1,1
13471227,JalePelato,1,0,1
13489024,Civafu,1,0,1
13649065,Crescxnt,0,1,1
13668334,banger-shayne,1,0,1
13685233,enoko,1,0,1
13688990,Lunar_,0,1,1
13761859,bot_david,0,1,1
13776127,zerokt,1,0,1
13780273,FuibaFuyu,0,1,1
13804465,Chilli Allier,0,1,1
13821222,Lott,0,1,1
13864975,ferom,1,0,1
13925852,brandwagen,0,1,1
13928307,Glimmer_Miku,0,1,1
13943241,lieeleid,0,1,1
13957006,,0,1,1
14008994,Hinanawi Tenshi,0,1,1
14017720,GhasterWasTaken,0,1,1
14040540,kiri_,0,1,1
14063549,MyLonelyAlpaca,0,1,1
14141683,- ASAHINA -,1,0,1
14213651,Discorxd,0,1,1
14215009,meowrz,0,1,1
14225226,_HeLLFly_,1,0,1
14228432,Involute,1,0,1
14238097,Phalaenopsis,0,1,1
14272234,Hide in room,0,1,1
14435375,zesteas,1,0,1
14494973,Vierta,0,1,1
14566464,Kapiotson,1,0,1
14628734,SaYa-,0,1,1
14691508,eduardomax,0,1,1
14719475,beaver,0,1,1
14772180,Crystria,0,1,1
14775649,EB-,0,1,1
14782168,blbej,0,1,1
14830991,Luo Tianyi,1,0,1
14832855,cocos,0,1,1
14846359,Ryogi,1,0,1
14855492,tadict,0,1,1
14883110,KPOBYIIIKA,0,1,1
14889628,Tomy,0,1,1
14896848,Haruhikage,0,1,1
14906055,Witow08,0,1,1
14936736,NorXor,0,1,1
14959496,kratom,0,1,1
14976160,iLLuZheN,0,1,1
15025665,HyBer,0,1,1
15054306,Minori,0,1,1
15074975,,0,1,1
15100305,Rizur,1,0,1
15111970,AntonOCE,0,1,1
15151447,alexiiosu,0,1,1
15173952,BATBALL,0,1,1
15182984,- Perona -,0,1,1
15183843,PinkFart,0,1,1
15304116,Anemone-,1,0,1
15364211,Larp Off Now,1,0,1
15372835,WinDx,0,1,1
15403828,Welly,0,1,1
15458667,Quintec,0,1,1
15502220,terrence48,0,1,1
15502308,MrBigOctupus,0,1,1
15618765,knocky,0,1,1
15687853,Flintex,0,1,1
15698567,ADR1Ft,0,1,1
15718922,7Falcon7,0,1,1
15744737,prodii,0,1,1
15755988,0922_,0,1,1
15759796,snowowy,0,1,1
15762494,ilikeyuri,0,1,1
15764802,Yukarle,0,1,1
15878733,Uchigatana,0,1,1
15879318,Otsu-,1,0,1
15882894,shimni,0,1,1
15929508,erus,0,1,1
15949628,kokona aoba,0,1,1
15984046,windr,0,1,1
16003487,psychoku,0,1,1
16050601,SKIN121,1,0,1
16053235,Icuke,0,1,1
16069829,Honma Misuzu,0,1,1
16085078,hsk_z,0,1,1
16099958,Lucyne,0,1,1
16205146,Swble,0,1,1
16227180,Niumaokun,0,1,1
16262106,[SHK]Boring,0,1,1
16320311,Eriha,1,0,1
16341795,Kingglet,0,1,1
16355851,The Swag Juice,0,1,1
16357854,Teikem,0,1,1
16374194,ShotZ5,0,1,1
16386061,divivhako,0,1,1
16485293,Prince Benny IV,1,0,1
16490940,Kinoya,0,1,1
16743823,cwingee,0,1,1
16756682,Naitsp,0,1,1
16817169,Ruubiii,1,0,1
17065006,Xenoyr,0,1,1
17208709,Mekagamez,0,1,1
17244513,ToshinoKyoko,1,0,1
17272186,nyabeat,0,1,1
17421591,rpoj,0,1,1
17433943,Xadreco,0,1,1
17445788,HeatAbnormal,0,1,1
17508997,uppyi,0,1,1
17613695,,0,1,1
17792223,nwd,0,1,1
17836051,ezgi,0,1,1
17865200,Sayuuu_,0,1,1
17910867,guhilen,1,0,1
17913694,DSNS,0,1,1
18093406,WhatsAcc,1,0,1
18143730,Iuco,0,1,1
18230278,S_ounds,0,1,1
18264387,_Abyan,1,0,1
18287253,,1,0,1
18292523,mynarco-,0,1,1
18307598,SnowZ_,0,1,1
18315946,Seiggun,0,1,1
18347666,Azasapag,1,0,1
18349490,Quaiid,1,0,1
18409008,Hamic,0,1,1
18457522,hyuuunahatesroy,0,1,1
18489362,Cocomber,0,1,1
18607342,Kheops,0,1,1
18739204,Geoffman,0,1,1
18742144,orangduskcat,0,1,1
18810732,Ai Hinatsuru,1,0,1
18830222,Y9shi,1,0,1
18974182,Armadayeet,0,1,1
19205020,Akimoto,0,1,1
19212335,Keafum,0,1,1
19395376,Amalgxma,0,1,1
19482629,RavxaL,0,1,1
19582216,sophia,0,1,1
19626052,SerniGrief,0,1,1
19837135,Epixiel,0,1,1
19922589,RafaaXD,0,1,1
19972879,dub yo,1,0,1
20031614,HotdogSlurper44,0,1,1
20209723,Chamine,0,1,1
20210470,Kina Lillet,0,1,1
20252460,fewf,0,1,1
20277778,Bars247,0,1,1
20331094,t3sana,0,1,1
20453998,ltningmaster823,0,1,1
20573426,Auslaender,0,1,1
20692261,xWazz,0,1,1
20695980,clarkysparky,0,1,1
20813987,xochyymeretb,0,1,1
21023866,Seraphina-,0,1,1
21489103,khyda,1,0,1
21709356,duke,0,1,1
21709656,empika,1,0,1
22139219,miann,0,1,1
22214662,AkaaRox,1,0,1
22224379,jassey,1,0,1
22368895,Zai,1,0,1
22549481,snydye,0,1,1
22753118,Jairo619,0,1,1
22803560,deglegneg,0,1,1
23055090,AC01010,0,1,1
23167746,heartpart,1,0,1
23179637,ozbert,1,0,1
23236736,techmaster,0,1,1
23247867,PinkEyeFan2025,0,1,1
24929063,Krrish Bruh,1,0,1
24966194,verticaldude,0,1,1
25206996,gantu,1,0,1
25481349,bennys,0,1,1
25924318,Pop-corn,0,1,1
25983306,Hinoshita Kaho,1,0,1
26001562,Elizabeth Friez,0,1,1
26139689,Piglin,1,0,1
26215857,foreyn,0,1,1
26871282,cmdz,0,1,1
27122738,the woke left,1,0,1
27128539,[-Dora-],1,0,1
27190988,Amaori Renako,1,0,1
27250212,akiast,0,1,1
27298515,pearls,0,1,1
27401156,yukikazasama,1,0,1
27765861,molten125,0,1,1
28093600,ducthai,0,1,1
28319612,GalaxySpeaker,1,0,1
28817999,Fishbaitss,1,0,1
28986603,Kururu,0,1,1
29250968,YoungTian,1,0,1
29302505,cwutchy,1,0,1
29645291,[TCD] Ena-suki,1,0,1
29735050,seedcrack,1,0,1
30025759,raccoon waifu,1,0,1
30996682,SteveVN,0,1,1
31404061,SN707,0,1,1
31767067,kourogi,1,0,1
31948650,QFreez,0,1,1
32002920,Kiiwwi,1,0,1
32286400,Alexistain,1,0,1
32321575,hiromi-,0,1,1
32363566,anaxii,1,0,1
32398176,Masayume,1,0,1
32401284,bbbprooooo,0,1,1
32630379,sirk3lkl1ker06,0,1,1
32844969,QLX_,0,1,1
32903712,delbruy,0,1,1
33045001,,1,0,1
33355565,saexxxko,0,1,1
35876683,jjen,0,1,1
36204971,dairycreamer,0,1,1
36301446,tapperruiii,0,1,1
36498458,SlashS91,1,0,1
36703782,,0,1,1
37684093,Sakuraba Ruri,1,0,1
37947361,FoxyVexa,1,0,1
38437004,387marisa,0,1,1
